"Species","GeneID","GeneName","Elements","Citation.s....DOI.only","Closest.ortholog.species","Tissue","Comments","Primary/Inferred","Inferred.from.","A.thaliana orthologs","M.truncatula orthologs","O.sativa orthologs","T.aestivum orthologs","Z.mays orthologs","G.max orthologs","P.trichocarpa orthologs","S.bicolor orthologs","S.italica orthologs","S.viridis orthologs"
"P.trichocarpa","Potri.014G088000",NA,"Fe",NA,NA,NA,NA,"Inferred","AT1G01580","AT1G01580,AT1G01590","Medtr8g028780,Medtr8g028795","LOC_Os04g48930","Traes_2BL_E11AA2D03","","Glyma.07G067700,Glyma.16G033800,Glyma.18G235900","Potri.014G088000","","",""
"P.trichocarpa","Potri.009G066000",NA,"Se,S",NA,NA,NA,NA,"Inferred","AT1G08490","AT1G08490","Medtr3g083980","LOC_Os12g18900","","GRMZM2G060470","Glyma.15G127400","Potri.009G066000","Sobic.004G132600,Sobic.005G014700","Seita.1G134500","Sevir.1G132950"
"P.trichocarpa","Potri.001G110100",NA,"P",NA,NA,NA,NA,"Inferred","AT1G12640","AT1G12640,AT1G63050","Medtr4g102750","LOC_Os02g45344","Traes_6AL_75BA4C59A,Traes_6BL_891A1BAAE,Traes_6DL_4E31B8DE8","GRMZM2G481755","Glyma.05G049500,Glyma.17G131500","Potri.001G110100","Sobic.004G283600","Seita.1G270400","Sevir.1G275100"
"P.trichocarpa","Potri.003G121700",NA,"P",NA,NA,NA,NA,"Inferred","AT1G12640","AT1G12640,AT1G63050","Medtr4g102750","LOC_Os02g45344","Traes_6AL_75BA4C59A,Traes_6BL_891A1BAAE,Traes_6DL_4E31B8DE8","GRMZM2G481755","Glyma.05G049500,Glyma.17G131500","Potri.003G121700","Sobic.004G283600","Seita.1G270400","Sevir.1G275100"
"P.trichocarpa","Potri.008G090400",NA,"P",NA,NA,NA,NA,"Inferred","AT1G14040","AT1G14040,AT2G03240,AT2G03260","","","","","Glyma.20G032400,Glyma.20G032500,Glyma.20G032600","Potri.008G090400","","",""
"P.trichocarpa","Potri.010G164900",NA,"P",NA,NA,NA,NA,"Inferred","AT1G14040","AT1G14040,AT2G03240,AT2G03260","","","","","Glyma.20G032400,Glyma.20G032500,Glyma.20G032600","Potri.010G164900","","",""
"P.trichocarpa","Potri.010G165300",NA,"P",NA,NA,NA,NA,"Inferred","AT1G14040","AT1G14040,AT2G03240,AT2G03260","","","","","Glyma.20G032400,Glyma.20G032500,Glyma.20G032600","Potri.010G165300","","",""
"P.trichocarpa","Potri.010G165800",NA,"P",NA,NA,NA,NA,"Inferred","AT1G14040","AT1G14040,AT2G03240,AT2G03260","","","","","Glyma.20G032400,Glyma.20G032500,Glyma.20G032600","Potri.010G165800","","",""
"P.trichocarpa","Potri.008G132900",NA,"Zn",NA,NA,NA,NA,"Inferred","AT1G14870","AT1G14870,AT1G14880,AT5G35525","Medtr5g017650,Medtr8g104870","LOC_Os02g36940,LOC_Os02g36950","Traes_2BS_4A41718C5,Traes_2BS_D0A3AF6AD,Traes_5BL_6F9A8B375,Traes_5DL_FC4BE42B1","","","Potri.008G132900","","Seita.1G209500,Seita.1G209700","Sevir.1G212900,Sevir.1G213100"
"P.trichocarpa","Potri.010G108800",NA,"Zn",NA,NA,NA,NA,"Inferred","AT1G14870","AT1G14870,AT1G14880,AT5G35525","Medtr5g017650,Medtr8g104870","LOC_Os02g36940,LOC_Os02g36950","Traes_2BS_4A41718C5,Traes_2BS_D0A3AF6AD,Traes_5BL_6F9A8B375,Traes_5DL_FC4BE42B1","","","Potri.010G108800","Sobic.004G192100,Sobic.006G107900","Seita.1G209500,Seita.1G209700","Sevir.1G212900,Sevir.1G213100"
"P.trichocarpa","Potri.015G066600",NA,"Fe,Mn,Zn",NA,NA,NA,NA,"Inferred","AT1G18910,AT1G74770","AT1G18910,AT1G74770","Medtr4g107440","","","","","Potri.015G066600","","",""
"P.trichocarpa","Potri.002G018900",NA,"Fe,Zn,Co,Mn",NA,NA,NA,NA,"Inferred","AT1G20110","AT1G20110","Medtr3g114080","LOC_Os06g50840","Traes_2AS_19B6321CB,Traes_2BS_CCA9B58A3","GRMZM2G061156","Glyma.04G023100,Glyma.06G023000","Potri.002G018900","Sobic.010G269100","Seita.2G363000","Sevir.4G295200"
"P.trichocarpa","Potri.005G242700",NA,"Fe,Zn,Co,Mn",NA,NA,NA,NA,"Inferred","AT1G20110","AT1G20110","Medtr3g114080","LOC_Os06g50840","Traes_2AS_19B6321CB,Traes_2BS_CCA9B58A3","GRMZM2G061156","Glyma.04G023100,Glyma.06G023000","Potri.005G242700","Sobic.010G269100","Seita.2G363000","Sevir.4G295200"
"P.trichocarpa","Potri.006G062800",NA,"K",NA,NA,NA,NA,"Inferred","AT1G30270","AT1G30270","Medtr2g049790","LOC_Os07g05620","Traes_2AL_D66EA2EB5,Traes_2BL_A1F2BF8FC,Traes_2DL_2BA772DB5","GRMZM2G013236","","Potri.006G062800","Sobic.002G034700","Seita.2G032200","Sevir.2G037000"
"P.trichocarpa","Potri.018G119200",NA,"K",NA,NA,NA,NA,"Inferred","AT1G30270","AT1G30270","Medtr2g049790","LOC_Os07g05620","Traes_2AL_D66EA2EB5,Traes_2BL_A1F2BF8FC,Traes_2DL_2BA772DB5","GRMZM2G013236","","Potri.018G119200","Sobic.002G034700","Seita.2G032200","Sevir.2G037000"
"P.trichocarpa","Potri.018G122300",NA,"K",NA,NA,NA,NA,"Inferred","AT1G30270","AT1G30270","Medtr2g049790","LOC_Os07g05620","Traes_2AL_D66EA2EB5,Traes_2BL_A1F2BF8FC,Traes_2DL_2BA772DB5","GRMZM2G013236","","Potri.018G122300","Sobic.002G034700","Seita.2G032200","Sevir.2G037000"
"P.trichocarpa","Potri.011G091200",NA,"Cd,As",NA,NA,NA,NA,"Inferred","AT1G30400,AT2G34660,LOC_Os04g52900","AT1G30400,AT2G34660","Medtr2g019020","LOC_Os04g52900","Traes_2AL_0A38A0EFC","GRMZM2G084181","Glyma.13G220000","Potri.011G091200","Sobic.006G219300","Seita.7G241100","Sevir.7G252600"
"P.trichocarpa","Potri.011G090900",NA,"Ca,K,Na,S",NA,NA,NA,NA,"Inferred","AT1G30450","AT1G30450","Medtr2g048510","LOC_Os08g23440","Traes_2AS_58901E0DC,Traes_2DS_6C351FD1B,Traes_5AL_21B739F34,Traes_5BL_0992ADD0A,Traes_5DL_7953B077C,Traes_7AS_2BF62E1DE,Traes_7BS_725BE98D0","GRMZM2G113276,GRMZM2G401874","Glyma.09G085300","Potri.011G090900","Sobic.005G040700,Sobic.009G105900","Seita.3G275800,Seita.5G025700","Sevir.3G283200,Sevir.5G024400"
"P.trichocarpa","Potri.001G145200",NA,"K,NO3-",NA,NA,NA,NA,"Inferred","AT1G32450","AT1G32450","Medtr5g014150","LOC_Os02g48570","Traes_6AL_168121E7E,Traes_6DL_0A59B823C","GRMZM2G061303","Glyma.05G070600,Glyma.17G153300","Potri.001G145200","Sobic.004G276200","Seita.1G296400","Sevir.1G301800"
"P.trichocarpa","Potri.003G088800",NA,"K,NO3-",NA,NA,NA,NA,"Inferred","AT1G32450","AT1G32450","Medtr5g014150","LOC_Os02g48570","Traes_6AL_168121E7E,Traes_6DL_0A59B823C","GRMZM2G061303","Glyma.05G070600,Glyma.17G153300","Potri.003G088800","Sobic.004G276200","Seita.1G296400","Sevir.1G301800"
"P.trichocarpa","Potri.002G090200",NA,"S,Se",NA,NA,NA,NA,"Inferred","AT1G36370","AT1G22020,AT1G36370","","LOC_Os01g65410,LOC_Os05g35440","Traes_3AL_4020ECFB3,Traes_3B_AEE1A6778","GRMZM2G452630","","Potri.002G090200","Sobic.003G373600","Seita.5G398800","Sevir.5G404100"
"P.trichocarpa","Potri.005G170800",NA,"S,Se",NA,NA,NA,NA,"Inferred","AT1G36370","AT1G22020,AT1G36370","","LOC_Os01g65410,LOC_Os05g35440","Traes_3AL_4020ECFB3,Traes_3B_AEE1A6778","GRMZM2G452630","","Potri.005G170800","Sobic.003G373600","Seita.5G398800","Sevir.5G404100"
"P.trichocarpa","Potri.005G014300",NA,"Fe,Cd,Co,Mo",NA,NA,NA,NA,"Inferred","AT1G56430,LOC_Os03g19420","AT1G09240,AT1G56430,AT5G04950","Medtr7g112130","LOC_Os03g19420,LOC_Os03g19427,LOC_Os07g48980","Traes_2BS_CB79BAFB1,Traes_6AS_5D0B8CF891,Traes_6DS_0BF81EADB","AC233955.1_FG003,GRMZM2G030036,GRMZM2G034956,GRMZM2G050108,GRMZM2G124785,GRMZM2G312481,GRMZM2G385200,GRMZM2G439195,GRMZM2G478568,GRMZM2G704488","Glyma.03G231200,Glyma.19G228400","Potri.005G014300","Sobic.001G151400,Sobic.001G395900","Seita.2G440200,Seita.9G045300,Seita.9G429600","Sevir.2G452700,Sevir.9G044800"
"P.trichocarpa","Potri.005G017300",NA,"Fe,Cd,Co,Mo",NA,NA,NA,NA,"Inferred","AT1G56430,LOC_Os03g19420","AT1G09240,AT1G56430,AT5G04950","Medtr7g112130","LOC_Os03g19420,LOC_Os03g19427,LOC_Os07g48980","Traes_2BS_CB79BAFB1,Traes_6AS_5D0B8CF891,Traes_6DS_0BF81EADB","AC233955.1_FG003,GRMZM2G030036,GRMZM2G034956,GRMZM2G050108,GRMZM2G124785,GRMZM2G312481,GRMZM2G385200,GRMZM2G439195,GRMZM2G478568,GRMZM2G704488","Glyma.03G231200,Glyma.19G228400","Potri.005G017300","Sobic.001G151400,Sobic.001G395900","Seita.2G440200,Seita.9G045300,Seita.9G429600","Sevir.2G452700,Sevir.9G044800"
"P.trichocarpa","Potri.001G189500",NA,"Cd",NA,NA,NA,NA,"Inferred","AT1G59870","AT1G15210,AT1G59870","Medtr2g101090,Medtr8g014360","LOC_Os06g36090","Traes_7AL_7BD10B6C7,Traes_7DL_63530C8FA","GRMZM2G029506,GRMZM2G366146","Glyma.07G015800","Potri.001G189500","Sobic.003G281500","Seita.4G181500","Sevir.4G150000"
"P.trichocarpa","Potri.003G049600",NA,"Cd",NA,NA,NA,NA,"Inferred","AT1G59870","AT1G15210,AT1G59870","Medtr2g101090,Medtr8g014360","LOC_Os06g36090","Traes_7AL_7BD10B6C7,Traes_7DL_63530C8FA","GRMZM2G029506,GRMZM2G366146","Glyma.07G015800","Potri.003G049600","Sobic.003G281500","Seita.4G181500","Sevir.4G150000"
"P.trichocarpa","Potri.018G053300",NA,"Fe",NA,NA,NA,NA,"Inferred","AT1G60960","AT1G10970,AT1G60960","","LOC_Os06g37010","Traes_1BS_D68F0BED6,Traes_1DS_C2EFEFBB9","GRMZM2G064382","Glyma.06G052000","Potri.018G053300","Sobic.010G171300","Seita.3G112800","Sevir.4G249800"
"P.trichocarpa","Potri.001G105800",NA,"Cu",NA,NA,NA,NA,"Inferred","AT1G63440,LOC_Os04g46940","AT1G63440","Medtr5g010420","LOC_Os04g46940","Traes_2AL_D0EABF355,Traes_2DL_51FF05F66","GRMZM2G143512,GRMZM2G144083","Glyma.19G140000","Potri.001G105800","Sobic.006G173700,Sobic.006G173800","Seita.7G193900,Seita.7G194000","Sevir.7G205900,Sevir.7G206000"
"P.trichocarpa","Potri.003G125600",NA,"Cu",NA,NA,NA,NA,"Inferred","AT1G63440,LOC_Os04g46940","AT1G63440","Medtr5g010420","LOC_Os04g46940","Traes_2AL_D0EABF355,Traes_2DL_51FF05F66","GRMZM2G143512,GRMZM2G144083","Glyma.19G140000","Potri.003G125600","Sobic.006G173700,Sobic.006G173800","Seita.7G193900,Seita.7G194000","Sevir.7G205900,Sevir.7G206000"
"P.trichocarpa","Potri.003G125700",NA,"Cu",NA,NA,NA,NA,"Inferred","AT1G63440,LOC_Os04g46940","AT1G63440","Medtr5g010420","LOC_Os04g46940","Traes_2AL_D0EABF355,Traes_2DL_51FF05F66","GRMZM2G143512,GRMZM2G144083","","Potri.003G125700","Sobic.006G173700,Sobic.006G173800","Seita.7G193900,Seita.7G194000","Sevir.7G205900,Sevir.7G206000"
"P.trichocarpa","Potri.008G023800",NA,"Cu",NA,NA,NA,NA,"Inferred","AT1G66240,LOC_Os08g10480","AT1G66240,AT3G56240","Medtr1g092670","LOC_Os08g10480","Traes_7AL_4C5A18F7C,Traes_7DL_4B6FAFD6B","","Glyma.10G203200,Glyma.20G187100","Potri.008G023800","Sobic.008G179500","Seita.8G110600",""
"P.trichocarpa","Potri.010G236500",NA,"Cu",NA,NA,NA,NA,"Inferred","AT1G66240,LOC_Os08g10480","AT1G66240,AT3G56240","Medtr1g092670","LOC_Os08g10480","Traes_7AL_4C5A18F7C,Traes_7DL_4B6FAFD6B","","Glyma.10G203200,Glyma.20G187100","Potri.010G236500","Sobic.008G179500","Seita.8G110600","Sevir.8G115200"
"P.trichocarpa","Potri.008G122100",NA,"P",NA,NA,NA,NA,"Inferred","AT1G68320","AT1G25340,AT1G68320","Medtr1g110460","LOC_Os01g03720","","GRMZM2G096358,GRMZM2G162709","Glyma.10G273000,Glyma.20G117000","Potri.008G122100","Sobic.003G087600","","Sevir.2G450800,Sevir.3G052300,Sevir.9G429300"
"P.trichocarpa","Potri.010G123000",NA,"P",NA,NA,NA,NA,"Inferred","AT1G68320","AT1G25340,AT1G68320","Medtr1g110460","LOC_Os01g03720","","GRMZM2G096358,GRMZM2G162709","Glyma.10G273000,Glyma.20G117000","Potri.010G123000","Sobic.003G087600","","Sevir.2G450800,Sevir.3G052300,Sevir.9G429300"
"P.trichocarpa","Potri.002G005500",NA,"P,As",NA,NA,NA,NA,"Inferred","AT1G76430","AT1G20860,AT1G76430","Medtr4g083960","LOC_Os06g21950","Traes_2BS_FC53255DE","","Glyma.07G222700,Glyma.20G021600","Potri.002G005500","Sobic.010G133300","Seita.4G140700","Sevir.4G173800"
"P.trichocarpa","Potri.005G256100",NA,"P,As",NA,NA,NA,NA,"Inferred","AT1G76430","AT1G20860,AT1G76430","Medtr4g083960","LOC_Os06g21950","Traes_2BS_FC53255DE","","Glyma.07G222700,Glyma.20G021600","Potri.005G256100","Sobic.010G133300","Seita.4G140700","Sevir.4G173800"
"P.trichocarpa","Potri.001G046800",NA,"B",NA,NA,NA,NA,"Inferred","AT1G80760","AT1G80760","Medtr2g104940,Medtr4g006730","","","","Glyma.15G003900","Potri.001G046800","","",""
"P.trichocarpa","Potri.003G180900",NA,"B",NA,NA,NA,NA,"Inferred","AT1G80760","AT1G80760","Medtr2g104940,Medtr4g006730","","","","Glyma.15G003900","Potri.003G180900","","",""
"P.trichocarpa","Potri.001G044900",NA,"Mn",NA,NA,NA,NA,"Inferred","AT1G80830","AT1G15960,AT1G80830","Medtr2g104990","LOC_Os06g46310","Traes_7AL_08B2A7BB2,Traes_7BL_CA6B7C9E6","GRMZM2G069198","Glyma.15G003500","Potri.001G044900","Sobic.010G227800","Seita.4G263200","Sevir.4G276100"
"P.trichocarpa","Potri.010G104200",NA,"Fe,Zn",NA,NA,NA,NA,"Inferred","AT2G01770,LOC_Os04g38940,LOC_Os09g23300","AT2G01770","Medtr8g105790,Medtr8g105810","LOC_Os04g38940,LOC_Os09g23300","Traes_2AL_A3A25F40E,Traes_2BL_54954138A,Traes_2DL_B37EC8078,Traes_5BL_7CE3EDE29,Traes_5DL_DA6449AC6","GRMZM2G107306","Glyma.05G240600,Glyma.08G047500","Potri.010G104200","Sobic.006G109000","Seita.7G126700","Sevir.7G134800"
"P.trichocarpa","Potri.008G140700",NA,"Na",NA,NA,NA,NA,"Inferred","AT2G01980","AT2G01980","","LOC_Os12g44360","","GRMZM2G098494","Glyma.08G092000","Potri.008G140700","Sobic.008G192900","Seita.3G409000","Sevir.3G427000"
"P.trichocarpa","Potri.010G100900",NA,"Na",NA,NA,NA,NA,"Inferred","AT2G01980","AT2G01980","","LOC_Os12g44360","","GRMZM2G098494","Glyma.08G092000","Potri.010G100900","Sobic.008G192900","Seita.3G409000","Sevir.3G427000"
"P.trichocarpa","Potri.009G049200",NA,"S",NA,NA,NA,NA,"Inferred","AT2G13540","AT2G13540","Medtr7g083840","LOC_Os03g22570","Traes_4BS_9831A28AE","GRMZM2G083689","Glyma.16G049600,Glyma.19G101600","Potri.009G049200","Sobic.001G373800","Seita.9G406000","Sevir.9G409800"
"P.trichocarpa","Potri.004G175200",NA,"Zn",NA,NA,NA,NA,"Inferred","AT2G16770,AT4G35040","AT2G16770,AT4G35040","","LOC_Os06g50310","Traes_5AS_6F02C9967,Traes_5BS_FC54F9BEA,Traes_5DS_4F7973584,Traes_7AL_A8CAE984E","GRMZM2G000171","Glyma.12G033000","Potri.004G175200","Sobic.010G267500","Seita.4G281600,Seita.9G059700","Sevir.4G293800,Sevir.9G058800"
"P.trichocarpa","Potri.009G134900",NA,"Zn",NA,NA,NA,NA,"Inferred","AT2G16770,AT4G35040","AT2G16770,AT4G35040","","LOC_Os06g50310","Traes_5AS_6F02C9967,Traes_5BS_FC54F9BEA,Traes_5DS_4F7973584,Traes_7AL_A8CAE984E","GRMZM2G000171","Glyma.12G033000","Potri.009G134900","Sobic.010G267500","Seita.4G281600,Seita.9G059700","Sevir.4G293800,Sevir.9G058800"
"P.trichocarpa","Potri.006G076900",NA,"Zn,Cd",NA,NA,NA,NA,"Inferred","AT2G19110,AT4G30110,LOC_Os07g12900","AT2G19110,AT4G30110","Medtr4g127580","LOC_Os07g12900","Traes_5BL_D6C3DC326","GRMZM2G099191","Glyma.17G060400","Potri.006G076900","Sobic.010G250900","Seita.4G242300","Sevir.4G255000"
"P.trichocarpa","Potri.014G131300",NA,"As",NA,NA,NA,NA,"Inferred","AT2G21045","AT2G21045","Medtr2g017630","LOC_Os02g01220,LOC_Os04g17660","Traes_6AS_E5666AE7C","AC204711.3_FG003","Glyma.12G017900","Potri.014G131300","Sobic.006G032700","Seita.2G199200","Sevir.1G001900,Sevir.2G207400"
"P.trichocarpa","Potri.007G050600",NA,"Fe,Mn,Zn",NA,NA,NA,NA,"Inferred","AT2G23150","AT2G23150","Medtr4g095075,Medtr5g016270","","","","Glyma.01G190700,Glyma.05G101700,Glyma.11G051500,Glyma.17G165200","Potri.007G050600","","","Sevir.9G501400"
"P.trichocarpa","Potri.007G050700",NA,"Fe,Mn,Zn",NA,NA,NA,NA,"Inferred","AT2G23150","AT2G23150","Medtr4g095075,Medtr5g016270","","","","Glyma.01G190700,Glyma.05G101700,Glyma.11G051500,Glyma.17G165200","Potri.007G050700","","","Sevir.9G501400"
"P.trichocarpa","Potri.004G206400",NA,"Cu,Zn",NA,NA,NA,NA,"Inferred","AT2G23240,AT2G42000","AT2G23240,AT2G42000","Medtr7g053460","","Traes_1AL_F0648088C","GRMZM2G402564","Glyma.18G157800","Potri.004G206400","Sobic.001G311200","Seita.9G339800","Sevir.9G343900"
"P.trichocarpa","Potri.009G167700",NA,"Cu,Zn",NA,NA,NA,NA,"Inferred","AT2G23240,AT2G42000","AT2G23240,AT2G42000","Medtr7g053460","","Traes_1AL_F0648088C","GRMZM2G402564","Glyma.18G157800","Potri.009G167700","Sobic.001G311200","Seita.9G339800","Sevir.9G343900"
"P.trichocarpa","Potri.006G245900",NA,"Mo",NA,NA,NA,NA,"Inferred","AT2G25680,Medtr1g010270,Medtr3g464210,LOC_Os08g01120","AT2G25680","Medtr1g010210,Medtr1g010270,Medtr3g464210","LOC_Os08g01120","Traes_2AL_1855F06E3,Traes_2BL_9560982FA","GRMZM2G083156","Glyma.04G073000,Glyma.06G074100,Glyma.14G130000,Glyma.17G203000,Glyma.17G203200,Glyma.17G203500","Potri.006G245900","Sobic.001G187300","Seita.9G184500","Sevir.9G183400"
"P.trichocarpa","Potri.006G246000",NA,"Mo",NA,NA,NA,NA,"Inferred","AT2G25680,Medtr1g010270,Medtr3g464210,LOC_Os08g01120","AT2G25680","Medtr1g010210,Medtr1g010270,Medtr3g464210","LOC_Os08g01120","Traes_2AL_1855F06E3,Traes_2BL_9560982FA","GRMZM2G083156","Glyma.04G073000,Glyma.06G074100,Glyma.14G130000,Glyma.17G203000,Glyma.17G203200,Glyma.17G203500","Potri.006G246000","Sobic.001G187300","Seita.9G184500","Sevir.9G183400"
"P.trichocarpa","Potri.009G005600",NA,"Fe",NA,NA,NA,NA,"Inferred","AT2G28160","AT2G28160","Medtr2g084280,Medtr4g057270","LOC_Os04g31290","Traes_2AL_088338613,Traes_2BL_F442E87DD","GRMZM2G107672,GRMZM2G173521,GRMZM2G313756","Glyma.11G192800,Glyma.12G178500,Glyma.13G322100","Potri.009G005600","Sobic.006G047200","Seita.7G069900,Seita.7G070000","Sevir.7G076300,Sevir.7G076400"
"P.trichocarpa","Potri.T155900",NA,"Fe",NA,NA,NA,NA,"Inferred","AT2G28160","AT2G28160","Medtr2g084280,Medtr4g057270","LOC_Os04g31290","Traes_2AL_088338613,Traes_2BL_F442E87DD","GRMZM2G107672,GRMZM2G173521,GRMZM2G313756","Glyma.11G192800,Glyma.12G178500,Glyma.13G322100","Potri.T155900","Sobic.006G047200","Seita.7G069900,Seita.7G070000","Sevir.7G076300,Sevir.7G076400"
"P.trichocarpa","Potri.008G049200",NA,"Ca,Mn,Zn,Na,S,K,As,Se,Mo",NA,NA,NA,NA,"Inferred","AT2G28670","AT1G07730,AT2G28670","Medtr4g062470,Medtr4g062520","LOC_Os03g17220","Traes_4DL_BEA8B1874","AC206350.3_FG005","Glyma.11G144000,Glyma.11G144200,Glyma.12G067400","Potri.008G049200","Sobic.003G064800","Seita.5G110100","Sevir.5G106900"
"P.trichocarpa","Potri.010G211800",NA,"Ca,Mn,Zn,Na,S,K,As,Se,Mo",NA,NA,NA,NA,"Inferred","AT2G28670","AT1G07730,AT2G28670","Medtr4g062470,Medtr4g062520","LOC_Os03g17220","Traes_4DL_BEA8B1874","AC206350.3_FG005","Glyma.11G144000,Glyma.11G144200,Glyma.12G067400","Potri.010G211800","Sobic.003G064800","Seita.5G110100","Sevir.5G106900"
"P.trichocarpa","Potri.001G318500",NA,"P",NA,NA,NA,NA,"Inferred","AT2G32830","AT2G32830","","LOC_Os03g05610,LOC_Os04g10690,LOC_Os04g10750,LOC_Os10g30770,LOC_Os10g30790","Traes_4AL_C56125840,Traes_5BL_1CF10603C,Traes_5DL_391DF2590,Traes_5DL_D473C031B,Traes_5DL_E15C27E9B","GRMZM2G154090,GRMZM2G326707","","Potri.001G318500","Sobic.001G234800,Sobic.001G502100","Seita.6G012100,Seita.7G032900,Seita.9G238300,Seita.9G538600","Sevir.4G288300,Sevir.6G257900"
"P.trichocarpa","Potri.004G043500",NA,"P",NA,NA,NA,NA,"Inferred","AT2G33770,LOC_Os05g48390","AT2G33770","Medtr2g013650,Medtr4g020620,Medtr4g088835","LOC_Os05g48390","Traes_1AL_E5224B6EA","GRMZM2G381709,GRMZM2G464572","Glyma.07G196500,Glyma.13G239100","Potri.004G043500","Sobic.009G228100","Seita.3G150400","Sevir.3G153100"
"P.trichocarpa","Potri.011G052600",NA,"P",NA,NA,NA,NA,"Inferred","AT2G33770,LOC_Os05g48390","AT2G33770","Medtr2g013650,Medtr4g020620,Medtr4g088835","LOC_Os05g48390","Traes_1AL_E5224B6EA","GRMZM2G381709,GRMZM2G464572","Glyma.07G196500,Glyma.13G239100","Potri.011G052600","Sobic.009G228100","Seita.3G150400","Sevir.3G153100"
"P.trichocarpa","Potri.001G235800",NA,"Ni",NA,NA,NA,NA,"Inferred","AT2G37430","AT2G37430,AT3G46070,AT3G46080,AT3G46090,AT3G53600,AT5G59820","","LOC_Os03g17150,LOC_Os05g02390","Traes_1AS_8F01029FE,Traes_1AS_B282BFB83,Traes_1BS_22E395F75,Traes_1BS_527ED00B9,Traes_1BS_7B7D5282B,Traes_1DS_75AF80583,Traes_1DS_CE96E8BF0,Traes_1DS_D1F453705","GRMZM2G048154,GRMZM2G112251","Glyma.13G333400,Glyma.15G040700","Potri.001G235800","Sobic.001G416200","Seita.9G449600","Sevir.9G453500"
"P.trichocarpa","Potri.009G027700",NA,"Ni",NA,NA,NA,NA,"Inferred","AT2G37430","AT2G37430,AT3G46070,AT3G46080,AT3G46090,AT3G53600,AT5G59820","","LOC_Os03g17150,LOC_Os05g02390","Traes_1AS_8F01029FE,Traes_1AS_B282BFB83,Traes_1BS_22E395F75,Traes_1BS_527ED00B9,Traes_1BS_7B7D5282B,Traes_1DS_75AF80583,Traes_1DS_CE96E8BF0,Traes_1DS_D1F453705","GRMZM2G048154,GRMZM2G112251","Glyma.13G333400,Glyma.15G040700","Potri.009G027700","Sobic.001G416200","Seita.9G449600","Sevir.9G453500"
"P.trichocarpa","Potri.016G128500",NA,"Co,Ni",NA,NA,NA,NA,"Inferred","AT2G38460,AT5G03570","AT2G38460,AT5G03570","Medtr4g013240,Medtr4g013245","LOC_Os06g36450","Traes_4DL_A266BC7CA","GRMZM2G110862,GRMZM2G148060","Glyma.03G042400","Potri.016G128500","Sobic.010G168400","Seita.4G269800","Sevir.4G281800"
"P.trichocarpa","Potri.016G128600",NA,"Co,Ni",NA,NA,NA,NA,"Inferred","AT2G38460,AT5G03570","AT2G38460,AT5G03570","Medtr4g013240,Medtr4g013245","LOC_Os06g36450","Traes_4DL_A266BC7CA","GRMZM2G110862,GRMZM2G148060","Glyma.03G042400","Potri.016G128600","Sobic.010G168400","Seita.4G269800","Sevir.4G281800"
"P.trichocarpa","Potri.T141700",NA,"Co,Ni",NA,NA,NA,NA,"Inferred","AT2G38460,AT5G03570","AT2G38460,AT5G03570","Medtr4g013240,Medtr4g013245","LOC_Os06g36450","Traes_4DL_A266BC7CA","GRMZM2G110862,GRMZM2G148060","Glyma.03G042400","Potri.T141700","Sobic.010G168400","Seita.4G269800","Sevir.4G281800"
"P.trichocarpa","Potri.002G038900",NA,"P",NA,NA,NA,NA,"Inferred","AT2G38940","AT2G38940,AT3G54700","","LOC_Os03g05610,LOC_Os04g10690,LOC_Os04g10750,LOC_Os10g30770,LOC_Os10g30790","Traes_4AL_C56125840,Traes_5BL_1CF10603C,Traes_5DL_391DF2590,Traes_5DL_D473C031B,Traes_5DL_E15C27E9B","GRMZM2G154090,GRMZM2G326707","","Potri.002G038900","Sobic.001G234800,Sobic.001G502100","Seita.6G012100,Seita.7G032900,Seita.9G238300,Seita.9G538600","Sevir.4G288300,Sevir.6G257900"
"P.trichocarpa","Potri.005G223500",NA,"P",NA,NA,NA,NA,"Inferred","AT2G38940","AT2G38940,AT3G54700","Medtr7g096870,Medtr7g096880","LOC_Os03g05610,LOC_Os04g10690,LOC_Os04g10750,LOC_Os10g30770,LOC_Os10g30790","Traes_4AL_C56125840,Traes_5BL_1CF10603C,Traes_5DL_391DF2590,Traes_5DL_D473C031B,Traes_5DL_E15C27E9B","GRMZM2G154090,GRMZM2G326707","Glyma.03G162800,Glyma.19G164300","Potri.005G223500","Sobic.001G234800,Sobic.001G502100","Seita.4G276500,Seita.6G253400","Sevir.4G288300,Sevir.6G257900"
"P.trichocarpa","Potri.005G223600",NA,"P",NA,NA,NA,NA,"Inferred","AT2G38940","AT2G38940,AT3G54700","Medtr7g096870,Medtr7g096880","LOC_Os03g05610,LOC_Os04g10690,LOC_Os04g10750,LOC_Os10g30770,LOC_Os10g30790","Traes_4AL_C56125840,Traes_5BL_1CF10603C,Traes_5DL_391DF2590,Traes_5DL_D473C031B,Traes_5DL_E15C27E9B","GRMZM2G154090,GRMZM2G326707","Glyma.03G162800,Glyma.19G164300","Potri.005G223600","Sobic.001G234800,Sobic.001G502100","Seita.4G276500,Seita.6G253400","Sevir.4G288300,Sevir.6G257900"
"P.trichocarpa","Potri.008G049600",NA,"Mn",NA,NA,NA,NA,"Inferred","AT2G39450","AT2G39450","Medtr7g022890","LOC_Os01g62070","Traes_1AL_4FB613BF5,Traes_1DL_47B0A6A7A,Traes_3B_8D1DAA8DE","GRMZM2G014454","Glyma.18G286100","Potri.008G049600","Sobic.003G349200","Seita.3G215300,Seita.5G374300","Sevir.3G220300,Sevir.5G379500"
"P.trichocarpa","Potri.010G211300",NA,"Mn",NA,NA,NA,NA,"Inferred","AT2G39450","AT2G39450","Medtr7g022890","LOC_Os01g62070","Traes_1AL_4FB613BF5,Traes_1DL_47B0A6A7A,Traes_3B_8D1DAA8DE","GRMZM2G014454","Glyma.18G286100","Potri.010G211300","Sobic.003G349200","Seita.3G215300,Seita.5G374300","Sevir.3G220300,Sevir.5G379500"
"P.trichocarpa","Potri.002G180100",NA,"Zn",NA,NA,NA,NA,"Inferred","AT2G46800","AT2G46800","","","","","","Potri.002G180100","Sobic.009G029500","","Sevir.3G050000"
"P.trichocarpa","Potri.014G106200",NA,"Zn",NA,NA,NA,NA,"Inferred","AT2G46800","AT2G46800","","","","","","Potri.014G106200","Sobic.009G029500","","Sevir.3G050000"
"P.trichocarpa","Potri.002G191000",NA,"B",NA,NA,NA,NA,"Inferred","AT2G47160,AT3G62270","AT2G47160,AT3G62270","Medtr7g110000","","","","Glyma.03G222300,Glyma.19G219500","Potri.002G191000","","",""
"P.trichocarpa","Potri.014G116000",NA,"B",NA,NA,NA,NA,"Inferred","AT2G47160,AT3G62270","AT2G47160,AT3G62270","Medtr7g110000","","","","Glyma.03G222300,Glyma.19G219500","Potri.014G116000","","",""
"P.trichocarpa","Potri.010G191800",NA,"Na,K,Rb,Mg,Ca,Fe,Mo",NA,NA,NA,NA,"Inferred","AT3G06060","AT3G06060,AT5G19200","Medtr2g022600,Medtr3g098750","LOC_Os02g47350","Traes_6AL_5B7EC197B,Traes_6BL_75894702B","GRMZM2G147701","Glyma.15G105400","Potri.010G191800","Sobic.004G269700,Sobic.004G337066","Seita.1G287300","Sevir.1G292400"
"P.trichocarpa","Potri.008G203300",NA,"As",NA,NA,NA,NA,"Inferred","AT3G06100","AT3G06100","","","","","Glyma.02G140500,Glyma.10G033600","Potri.008G203300","","",""
"P.trichocarpa","Potri.001G266900",NA,"Mn",NA,NA,NA,NA,"Inferred","AT3G08040","AT3G08040","Medtr3g029510,Medtr8g036660,Medtr8g037170,Medtr8g037175","","","","","Potri.001G266900","Sobic.001G454900,Sobic.003G403000","","Sevir.9G493200"
"P.trichocarpa","Potri.009G061100",NA,"Mn",NA,NA,NA,NA,"Inferred","AT3G08040","AT3G08040","Medtr3g029510,Medtr8g036660,Medtr8g037170,Medtr8g037175","","Traes_1AL_A970EBB27,Traes_1BL_DCC58CE85,Traes_1DL_1BEDBED0D","","","Potri.009G061100","Sobic.001G454900,Sobic.003G403000","","Sevir.9G493200"
"P.trichocarpa","Potri.006G006800",NA,"Mn",NA,NA,NA,NA,"Inferred","AT3G12750","AT3G12750","","LOC_Os07g12890","Traes_2AL_BE05B34FF,Traes_2BL_A1BCBD2BE,Traes_2BS_9D8F265EC,Traes_2DL_D0582A4B1,Traes_2DS_6E24A6653","GRMZM2G093276","","Potri.006G006800","Sobic.007G064900,Sobic.009G170500","Seita.2G090600","Sevir.3G213300,Sevir.3G213400,Sevir.7G203200"
"P.trichocarpa","Potri.008G083100",NA,"Mn",NA,NA,NA,NA,"Inferred","AT3G12750","AT3G12750","Medtr2g064310","LOC_Os07g12890","Traes_2AL_BE05B34FF,Traes_2BL_A1BCBD2BE,Traes_2BS_9D8F265EC,Traes_2DL_D0582A4B1,Traes_2DS_6E24A6653","GRMZM2G093276","Glyma.08G164400,Glyma.15G262800","Potri.008G083100","Sobic.007G064900,Sobic.009G170500","Seita.2G090600","Sevir.3G213300,Sevir.3G213400,Sevir.7G203200"
"P.trichocarpa","Potri.010G173300",NA,"Mn",NA,NA,NA,NA,"Inferred","AT3G12750","AT3G12750","Medtr2g064310","LOC_Os07g12890","Traes_2AL_BE05B34FF,Traes_2BL_A1BCBD2BE,Traes_2BS_9D8F265EC,Traes_2DL_D0582A4B1,Traes_2DS_6E24A6653","GRMZM2G093276","Glyma.08G164400,Glyma.15G262800","Potri.010G173300","Sobic.007G064900,Sobic.009G170500","Seita.2G090600","Sevir.3G213300,Sevir.3G213400,Sevir.7G203200"
"P.trichocarpa","Potri.001G469800",NA,"Mn,Fe,K,P",NA,NA,NA,NA,"Inferred","AT3G13320","AT1G55720,AT1G55730,AT3G13320","","","","","Glyma.08G336900,Glyma.08G337000","Potri.001G469800","","",""
"P.trichocarpa","Potri.011G166900",NA,"Mn,Fe,K,P",NA,NA,NA,NA,"Inferred","AT3G13320","AT1G55720,AT1G55730,AT3G13320","","","","","Glyma.08G336900,Glyma.08G337000","Potri.011G166900","","",""
"P.trichocarpa","Potri.001G163100",NA,"S",NA,NA,NA,NA,"Inferred","AT3G14280","AT3G14280","Medtr7g117550,Medtr8g023100","","Traes_7DS_7F0B548D5","","Glyma.03G263400,Glyma.19G262400","Potri.001G163100","Sobic.001G260600","Seita.1G179900,Seita.1G342900,Seita.2G256600,Seita.4G041800,Seita.4G042000,Seita.9G251200","Sevir.9G254100"
"P.trichocarpa","Potri.003G072400",NA,"S",NA,NA,NA,NA,"Inferred","AT3G14280","AT3G14280","Medtr7g117550,Medtr8g023100","","Traes_7DS_7F0B548D5","","Glyma.03G263400,Glyma.19G262400","Potri.003G072400","Sobic.001G260600","Seita.1G179900,Seita.1G342900,Seita.2G256600,Seita.4G041800,Seita.4G042000,Seita.9G251200","Sevir.9G254100"
"P.trichocarpa","Potri.011G121100",NA,"Na,Fe,Zn,Mn,Mo",NA,NA,NA,NA,"Inferred","AT3G15380","AT3G15380","Medtr2g079490,Medtr8g059125","LOC_Os04g58470,LOC_Os04g58504","Traes_2AL_533B673F0,Traes_2BL_3DDB1826B,Traes_2DL_DCE370754,Traes_7BL_3902E0349,Traes_7DL_6F84F387C","AC220927.3_FG010,GRMZM2G051917,GRMZM2G125768","Glyma.06G246600,Glyma.12G223200","Potri.011G121100","Sobic.006G270400,Sobic.007G000700","Seita.3G012800,Seita.6G001600","Sevir.3G014100,Sevir.6G001500"
"P.trichocarpa","Potri.012G055100",NA,"Fe,Zn,Mn",NA,NA,NA,NA,"Inferred","AT3G18290","AT3G18290","Medtr6g083900,Medtr8g104410","","Traes_1DL_94289C61D,Traes_3AL_667B9174E,Traes_3B_38BD6A407,Traes_3DL_7AF5E2768","GRMZM2G175661,GRMZM2G312712","Glyma.05G237500,Glyma.09G182600","Potri.012G055100","Sobic.003G262200,Sobic.009G222200","Seita.3G156900,Seita.5G276900","Sevir.3G159900,Sevir.5G279700"
"P.trichocarpa","Potri.008G159000",NA,"S",NA,NA,NA,NA,"Inferred","AT3G22890","AT3G22890,AT4G14680","Medtr1g102550","LOC_Os03g53230","Traes_5AL_66D8F6463,Traes_5BL_5CED2C911,Traes_5DL_BCEFD69DA","GRMZM2G051270,GRMZM2G149952","Glyma.10G242600,Glyma.20G151500","Potri.008G159000","Sobic.001G094300","Seita.9G096900","Sevir.9G095300"
"P.trichocarpa","Potri.010G081200",NA,"S",NA,NA,NA,NA,"Inferred","AT3G22890","AT3G22890,AT4G14680","Medtr1g102550","LOC_Os03g53230","Traes_5AL_66D8F6463,Traes_5BL_5CED2C911,Traes_5DL_BCEFD69DA","GRMZM2G051270,GRMZM2G149952","Glyma.10G242600,Glyma.20G151500","Potri.010G081200","Sobic.001G094300","Seita.9G096900","Sevir.9G095300"
"P.trichocarpa","Potri.008G165700",NA,"Fe",NA,NA,NA,NA,"Inferred","AT3G23210,AT4G14410","AT3G23210,AT4G14410","Medtr1g043430","","Traes_6AS_26AC51E52,Traes_6BS_487628194,Traes_6DS_0E72E2E75","","Glyma.10G007300","Potri.008G165700","","",""
"P.trichocarpa","Potri.010G072900",NA,"Fe",NA,NA,NA,NA,"Inferred","AT3G23210,AT4G14410","AT3G23210,AT4G14410","Medtr1g043430","","Traes_6AS_26AC51E52,Traes_6BS_487628194,Traes_6DS_0E72E2E75","","Glyma.10G007300","Potri.010G072900","","",""
"P.trichocarpa","Potri.008G169400",NA,"P",NA,NA,NA,NA,"Inferred","AT3G23430,LOC_Os02g56510","AT3G23430","Medtr1g041695,Medtr1g075640","LOC_Os02g56510","Traes_6BL_0325BEAA4,Traes_6BL_6D7561359,Traes_6BL_CB0A10DC9,Traes_6DL_C4DC2B23A","GRMZM2G466545","Glyma.02G003700,Glyma.10G004800,Glyma.10G183300","Potri.008G169400","Sobic.004G339800","Seita.1G360400","Sevir.1G367100"
"P.trichocarpa","Potri.010G069000",NA,"P",NA,NA,NA,NA,"Inferred","AT3G23430,LOC_Os02g56510","AT3G23430","Medtr1g041695,Medtr1g075640","LOC_Os02g56510","Traes_6BL_0325BEAA4,Traes_6BL_6D7561359,Traes_6BL_CB0A10DC9,Traes_6DL_C4DC2B23A","GRMZM2G466545","Glyma.02G003700,Glyma.10G004800,Glyma.10G183300","Potri.010G069000","Sobic.004G339800","Seita.1G360400","Sevir.1G367100"
"P.trichocarpa","Potri.003G074400",NA,"Fe,Zn,Mn,Co",NA,NA,NA,NA,"Inferred","AT3G47640","AT3G47640","Medtr4g108360","LOC_Os03g26210,LOC_Os07g43530","Traes_2AS_9AEA9BDEA,Traes_2AS_C4568AE60,Traes_2BS_8A40B568C,Traes_2DS_1FE8E9DE9,Traes_2DS_FE62DB7F5","GRMZM2G017145,GRMZM2G064938,GRMZM2G133675","Glyma.05G027600","Potri.003G074400","Sobic.001G355600,Sobic.002G385300","Seita.2G400400,Seita.8G180600,Seita.9G384500","Sevir.2G412100,Sevir.8G189400,Sevir.9G389000"
"P.trichocarpa","Potri.015G142700",NA,"Fe,Zn,Mn,Co",NA,NA,NA,NA,"Inferred","AT3G47640","AT3G47640","Medtr4g108360","LOC_Os03g26210,LOC_Os07g43530","Traes_2AS_9AEA9BDEA,Traes_2AS_C4568AE60,Traes_2BS_8A40B568C,Traes_2DS_1FE8E9DE9,Traes_2DS_FE62DB7F5","GRMZM2G017145,GRMZM2G064938,GRMZM2G133675","Glyma.05G027600","Potri.015G142700","Sobic.001G355600,Sobic.002G385300","Seita.2G400400,Seita.8G180600,Seita.9G384500","Sevir.2G412100,Sevir.8G189400,Sevir.9G389000"
"P.trichocarpa","Potri.012G071600",NA,"Na",NA,NA,NA,NA,"Inferred","AT3G47950","AT3G47950,AT5G62670","Medtr4g107500","LOC_Os03g48310,LOC_Os12g44150","Traes_5AS_FDCDBC783,Traes_5BS_7DDBE5B89,Traes_5DS_DECAA37DD","GRMZM2G035520,GRMZM2G068259,GRMZM2G104325","Glyma.04G174800,Glyma.06G189900","Potri.012G071600","Sobic.001G132400,Sobic.002G065000,Sobic.008G190500","Seita.2G068600,Seita.3G406700,Seita.9G134900","Sevir.2G071500,Sevir.3G424800,Sevir.9G133800"
"P.trichocarpa","Potri.015G066000",NA,"Na",NA,NA,NA,NA,"Inferred","AT3G47950","AT3G47950,AT5G62670","Medtr4g107500","LOC_Os03g48310,LOC_Os12g44150","Traes_5AS_FDCDBC783,Traes_5BS_7DDBE5B89,Traes_5DS_DECAA37DD","GRMZM2G035520,GRMZM2G068259,GRMZM2G104325","Glyma.04G174800,Glyma.06G189900","Potri.015G066000","Sobic.001G132400,Sobic.002G065000,Sobic.008G190500","Seita.2G068600,Seita.3G406700,Seita.9G134900","Sevir.2G071500,Sevir.3G424800,Sevir.9G133800"
"P.trichocarpa","Potri.006G099900",NA,"P,K",NA,NA,NA,NA,"Inferred","AT3G51860","AT2G38170,AT3G51860","Medtr4g016720,Medtr7g068380","LOC_Os01g37690","Traes_2AL_26065F906,Traes_2BL_445F5B3B7,Traes_2DL_2A2F4F62B","GRMZM2G011592,GRMZM5G809587","","Potri.006G099900","Sobic.009G257800","Seita.3G120500,Seita.5G194500","Sevir.3G122500,Sevir.5G196600"
"P.trichocarpa","Potri.016G115500",NA,"P,K",NA,NA,NA,NA,"Inferred","AT3G51860","AT2G38170,AT3G51860","Medtr4g016720,Medtr7g068380","LOC_Os01g37690","Traes_2AL_26065F906,Traes_2BL_445F5B3B7,Traes_2DL_2A2F4F62B","GRMZM2G011592,GRMZM5G809587","","Potri.016G115500","Sobic.009G257800","Seita.3G120500,Seita.5G194500","Sevir.3G122500,Sevir.5G196600"
"P.trichocarpa","Potri.002G049500",NA,"S",NA,NA,NA,NA,"Inferred","AT3G51895","AT3G51895","Medtr1g071530,Medtr7g095430","LOC_Os03g06520","Traes_4AS_68B3D79A1,Traes_4BL_0C898C5C8,Traes_4DL_ECEE169A7","GRMZM2G154211","Glyma.02G145100,Glyma.03G156700,Glyma.10G028900,Glyma.19G159000","Potri.002G049500","Sobic.001G496800","Seita.9G532700","Sevir.9G537000"
"P.trichocarpa","Potri.005G213500",NA,"S",NA,NA,NA,NA,"Inferred","AT3G51895","AT3G51895","Medtr1g071530,Medtr7g095430","LOC_Os03g06520","Traes_4AS_68B3D79A1,Traes_4BL_0C898C5C8,Traes_4DL_ECEE169A7","GRMZM2G154211","Glyma.02G145100,Glyma.03G156700,Glyma.10G028900,Glyma.19G159000","Potri.005G213500","Sobic.001G496800","Seita.9G532700","Sevir.9G537000"
"P.trichocarpa","Potri.006G037200",NA,"Fe",NA,NA,NA,NA,"Inferred","AT3G56970,AT3G56980","AT2G41240,AT3G56970,AT3G56980","Medtr1g048710,Medtr1g048720,Medtr1g048750,Medtr7g090410","LOC_Os01g72370","Traes_2AL_ACBAA6A31,Traes_2BL_00608F8D6,Traes_2DL_865346DA2,Traes_3AL_95403ABBA,Traes_3AL_F577372C1,Traes_3B_089C0C2EB,Traes_3B_2A12B8F93,Traes_3DL_886A895A4","AC193786.3_FG005,GRMZM2G057413","Glyma.03G130400,Glyma.03G130600,Glyma.19G132500","Potri.006G037200","Sobic.003G428800","Seita.5G455700,Seita.9G469400","Sevir.5G462400,Sevir.9G473100"
"P.trichocarpa","Potri.006G037600",NA,"Fe",NA,NA,NA,NA,"Inferred","AT3G56970,AT3G56980","AT2G41240,AT3G56970,AT3G56980","Medtr1g048710,Medtr1g048720,Medtr1g048750,Medtr7g090410","LOC_Os01g72370","Traes_2AL_ACBAA6A31,Traes_2BL_00608F8D6,Traes_2DL_865346DA2,Traes_3AL_95403ABBA,Traes_3AL_F577372C1,Traes_3B_089C0C2EB,Traes_3B_2A12B8F93,Traes_3DL_886A895A4","AC193786.3_FG005,GRMZM2G057413","Glyma.03G130400,Glyma.03G130600,Glyma.19G132500","Potri.006G037600","Sobic.003G428800","Seita.5G455700,Seita.9G469400","Sevir.5G462400,Sevir.9G473100"
"P.trichocarpa","Potri.016G037300",NA,"Fe",NA,NA,NA,NA,"Inferred","AT3G56970,AT3G56980","AT2G41240,AT3G56970,AT3G56980","Medtr1g048710,Medtr1g048720,Medtr1g048750,Medtr7g090410","LOC_Os01g72370","Traes_2AL_ACBAA6A31,Traes_2BL_00608F8D6,Traes_2DL_865346DA2,Traes_3AL_95403ABBA,Traes_3AL_F577372C1,Traes_3B_089C0C2EB,Traes_3B_2A12B8F93,Traes_3DL_886A895A4","AC193786.3_FG005,GRMZM2G057413","Glyma.03G130400,Glyma.03G130600,Glyma.19G132500","Potri.016G037300","Sobic.003G428800","Seita.5G455700,Seita.9G469400","Sevir.5G462400,Sevir.9G473100"
"P.trichocarpa","Potri.001G010000",NA,"Mn",NA,NA,NA,NA,"Inferred","AT3G58060","AT3G58060","Medtr3g062610","","","","","Potri.001G010000","","",""
"P.trichocarpa","Potri.001G010100",NA,"Mn",NA,NA,NA,NA,"Inferred","AT3G58060","AT3G58060","Medtr3g062610","","","","","Potri.001G010100","","","Sevir.1G343700"
"P.trichocarpa","Potri.001G010200",NA,"Mn",NA,NA,NA,NA,"Inferred","AT3G58060,LOC_Os03g12530","AT3G58060","Medtr3g062610","LOC_Os03g12530","Traes_4AS_B5D20D324,Traes_4DL_84BDB65D9","GRMZM2G118497","","Potri.001G010200","Sobic.001G445000","Seita.9G478600","Sevir.1G343700"
"P.trichocarpa","Potri.001G010300",NA,"Mn",NA,NA,NA,NA,"Inferred","AT3G58060,LOC_Os03g12530","AT3G58060","","LOC_Os03g12530","Traes_4AS_B5D20D324,Traes_4DL_84BDB65D9","GRMZM2G118497","","Potri.001G010300","Sobic.001G445000","Seita.9G478600","Sevir.9G482200"
"P.trichocarpa","Potri.003G215600",NA,"Mn",NA,NA,NA,NA,"Inferred","AT3G58060,LOC_Os03g12530","AT3G58060","","LOC_Os03g12530","Traes_4AS_B5D20D324,Traes_4DL_84BDB65D9","GRMZM2G118497","","Potri.003G215600","Sobic.001G445000","Seita.9G478600","Sevir.9G482200"
"P.trichocarpa","Potri.006G081700",NA,"Mg",NA,NA,NA,NA,"Inferred","AT3G58970","AT3G58970","Medtr8g088670","LOC_Os10g39790","Traes_1AL_B39515B38,Traes_1DL_CDEA09786","GRMZM2G145794,GRMZM2G453832","Glyma.05G168200,Glyma.08G126600","Potri.006G081700","Sobic.001G309400","Seita.9G337700","Sevir.9G341300"
"P.trichocarpa","Potri.002G052100",NA,"Fe",NA,NA,NA,NA,"Inferred","AT4G02780","AT4G02780","Medtr7g011663,Medtr7g011770","LOC_Os02g17780","Traes_1BS_8A9B3CE82,Traes_1DS_CD37D3A95,Traes_7AL_151CAA335,Traes_7DL_02E7F7D6A,Traes_7DL_211D5CA44","GRMZM2G044481,GRMZM2G081554","Glyma.03G154700","Potri.002G052100","Sobic.001G248600","Seita.9G262400,Seita.9G351400","Sevir.9G265300,Sevir.9G357500"
"P.trichocarpa","Potri.005G210300",NA,"Fe",NA,NA,NA,NA,"Inferred","AT4G02780","AT4G02780","Medtr7g011663,Medtr7g011770","LOC_Os02g17780","Traes_1BS_8A9B3CE82,Traes_1DS_CD37D3A95,Traes_7AL_151CAA335,Traes_7DL_02E7F7D6A,Traes_7DL_211D5CA44","GRMZM2G044481,GRMZM2G081554","Glyma.03G154700","Potri.005G210300","Sobic.001G248600","Seita.9G262400,Seita.9G351400","Sevir.9G265300,Sevir.9G357500"
"P.trichocarpa","Potri.018G132200",NA,"Na",NA,NA,NA,NA,"Inferred","AT4G10310,Traes_4DL_3F8034BFD,GRMZM2G047616","AT4G10310","Medtr6g092820,Medtr6g092840,Medtr6g092940","LOC_Os02g07830","Traes_4DL_3F8034BFD","GRMZM2G047616","Glyma.01G002300,Glyma.06G271600,Glyma.07G130100,Glyma.12G133400","Potri.018G132200","Sobic.003G145800","Seita.1G068700","Sevir.5G023200,Sevir.5G195200"
"P.trichocarpa","Potri.001G455000",NA,"B",NA,NA,NA,NA,"Inferred","AT4G10380,GRMZM2G176209","AT4G10380","Medtr1g097840","LOC_Os10g36924","Traes_1AL_0912DED70,Traes_1BL_CC64CA41E","GRMZM2G176209","Glyma.10G221100,Glyma.20G170400","Potri.001G455000","Sobic.001G195800","Seita.9G193500","Sevir.9G193400"
"P.trichocarpa","Potri.011G146900",NA,"B",NA,NA,NA,NA,"Inferred","AT4G10380,GRMZM2G176209","AT4G10380","Medtr1g097840","LOC_Os10g36924","Traes_1AL_0912DED70,Traes_1BL_CC64CA41E","GRMZM2G176209","Glyma.10G221100,Glyma.20G170400","Potri.011G146900","Sobic.001G195800","Seita.9G193500","Sevir.9G193400"
"P.trichocarpa","Potri.001G045200",NA,"Rb,Cs,K",NA,NA,NA,NA,"Inferred","AT4G13420,GRMZM2G084779","AT4G13420","Medtr4g099260","LOC_Os01g70490","Traes_3AL_6B9D38F0F,Traes_3AL_9E0B84E84,Traes_3B_75C958395,Traes_3DL_598708C12,Traes_3DL_E912993A9","GRMZM2G084779","Glyma.03G264100,Glyma.07G042500,Glyma.19G263100","Potri.001G045200","Sobic.003G413600,Sobic.003G413700","Seita.5G439500","Sevir.5G446100"
"P.trichocarpa","Potri.001G069600",NA,"Rb,Cs,K",NA,NA,NA,NA,"Inferred","AT4G13420,GRMZM2G084779","AT4G13420","Medtr4g099260","LOC_Os01g70490","Traes_3AL_6B9D38F0F,Traes_3AL_9E0B84E84,Traes_3B_75C958395,Traes_3DL_598708C12,Traes_3DL_E912993A9","GRMZM2G084779","Glyma.03G264100,Glyma.07G042500,Glyma.19G263100","Potri.001G069600","Sobic.003G413600,Sobic.003G413700","Seita.5G439500","Sevir.5G446100"
"P.trichocarpa","Potri.T134000",NA,"Rb,Cs,K",NA,NA,NA,NA,"Inferred","AT4G13420,GRMZM2G084779","AT4G13420","Medtr4g099260","LOC_Os01g70490","Traes_3AL_6B9D38F0F,Traes_3AL_9E0B84E84,Traes_3B_75C958395,Traes_3DL_598708C12,Traes_3DL_E912993A9","GRMZM2G084779","Glyma.03G264100,Glyma.07G042500,Glyma.19G263100","Potri.T134000","Sobic.003G413600,Sobic.003G413700","Seita.5G439500","Sevir.5G446100"
"P.trichocarpa","Potri.006G006000",NA,"Fe,Cd",NA,NA,NA,NA,"Inferred","AT4G16370","AT4G16370","Medtr4g133968","LOC_Os03g54000","","GRMZM2G421491","Glyma.07G267800,Glyma.17G006100","Potri.006G006000","Sobic.001G087700","Seita.9G090100","Sevir.9G088600"
"P.trichocarpa","Potri.016G006500",NA,"Fe,Cd",NA,NA,NA,NA,"Inferred","AT4G16370","AT4G16370","Medtr4g133968","LOC_Os03g54000","","GRMZM2G421491","Glyma.07G267800,Glyma.17G006100","Potri.016G006500","Sobic.001G087700","Seita.9G090100","Sevir.9G088600"
"P.trichocarpa","Potri.015G117700",NA,"Fe,Mn,Co,Cd,Zn",NA,NA,NA,NA,"Inferred","AT4G19690,Medtr4g083570","AT1G31260,AT4G19680,AT4G19690","Medtr4g083570","","","","Glyma.07G223200,Glyma.20G022500","Potri.015G117700","","",""
"P.trichocarpa","Potri.015G117900",NA,"Fe,Mn,Co,Cd,Zn",NA,NA,NA,NA,"Inferred","AT4G19690,Medtr4g083570","AT1G31260,AT4G19680,AT4G19690","Medtr4g083570","","","","Glyma.07G223200,Glyma.20G022500","Potri.015G117900","","",""
"P.trichocarpa","Potri.001G104500",NA,"Cd,As",NA,NA,NA,NA,"Inferred","AT4G23100","AT4G23100","Medtr8g098350","LOC_Os05g03820,LOC_Os07g27790","Traes_1BS_D3FD8CC9D,Traes_1DS_EFDF9CB72","GRMZM2G020096,GRMZM2G111579","Glyma.08G014300","Potri.001G104500","Sobic.009G029600","Seita.3G050000","Sevir.3G050100"
"P.trichocarpa","Potri.003G126900",NA,"Cd,As",NA,NA,NA,NA,"Inferred","AT4G23100","AT4G23100","Medtr8g098350","LOC_Os05g03820,LOC_Os07g27790","Traes_1BS_D3FD8CC9D,Traes_1DS_EFDF9CB72","GRMZM2G020096,GRMZM2G111579","Glyma.08G014300","Potri.003G126900","Sobic.009G029600","Seita.3G050000","Sevir.3G050100"
"P.trichocarpa","Potri.001G082400",NA,"Fe,Zn,Cu",NA,NA,NA,NA,"Inferred","AT4G24120","AT4G24120","Medtr1g077840","","","","Glyma.10G172900,Glyma.20G068300","Potri.001G082400","","",""
"P.trichocarpa","Potri.001G084400",NA,"Fe,Zn,Cu",NA,NA,NA,NA,"Inferred","AT4G24120","AT4G24120","Medtr1g077840","","","","Glyma.10G172900,Glyma.20G068300","Potri.001G084400","","",""
"P.trichocarpa","Potri.002G257800",NA,"P",NA,NA,NA,NA,"Inferred","AT4G28610","AT4G28610","Medtr7g098250","LOC_Os07g25710","Traes_4DL_2C27C34AF","GRMZM2G006477","Glyma.03G166400,Glyma.19G167500","Potri.002G257800","Sobic.001G384300","Seita.9G416300","Sevir.9G420400"
"P.trichocarpa","Potri.001G064200",NA,"Cd,Zn",NA,NA,NA,NA,"Inferred","AT4G30120","AT4G30120","","","","","","Potri.001G064200","","",""
"P.trichocarpa","Potri.001G064700",NA,"Cd,Zn",NA,NA,NA,NA,"Inferred","AT4G30120","AT4G30120","","","","","","Potri.001G064700","","",""
"P.trichocarpa","Potri.018G144400",NA,"Cd,Zn",NA,NA,NA,NA,"Inferred","AT4G30120","AT4G30120","","","","","","Potri.018G144400","","",""
"P.trichocarpa","Potri.T114400",NA,"Cd,Zn",NA,NA,NA,NA,"Inferred","AT4G30120","AT4G30120","","","","","","Potri.T114400","","",""
"P.trichocarpa","Potri.006G230200",NA,"K",NA,NA,NA,NA,"Inferred","AT4G33000","AT4G33000","Medtr8g016170","LOC_Os01g39770,LOC_Os01g51420","Traes_3AL_8456B7FB8,Traes_3B_29245B340,Traes_3B_29245B3401","GRMZM2G116584","","Potri.006G230200","Sobic.003G196400","Seita.5G259100","Sevir.5G210300"
"P.trichocarpa","Potri.007G049000",NA,"Zn",NA,NA,NA,NA,"Inferred","AT4G37270","AT4G37270","Medtr4g094985","LOC_Os06g47550","Traes_7AL_84D5BAE85,Traes_7BL_041308E74,Traes_7DL_271C7BED5","GRMZM2G067853","Glyma.05G098800,Glyma.17G166800","Potri.007G049000","Sobic.010G240500","Seita.4G253000,Seita.9G039700","Sevir.4G265200"
"P.trichocarpa","Potri.006G122700",NA,"As,P",NA,NA,NA,NA,"Inferred","AT5G03455","AT5G03455","Medtr7g102310","LOC_Os03g01770","Traes_1BL_5B14A32F3,Traes_1DL_74A35C8D0","GRMZM2G011520","Glyma.19G185200","Potri.006G122700","Sobic.001G308800,Sobic.001G538600","Seita.5G006400,Seita.8G097500,Seita.9G337000,Seita.9G574100","Sevir.6G149500,Sevir.9G340600,Sevir.9G577800"
"P.trichocarpa","Potri.017G089800",NA,"Ca,Mg",NA,NA,NA,NA,"Inferred","AT5G15410","AT5G15410","Medtr7g012260","LOC_Os03g55100","Traes_5BL_F6419E9D0","GRMZM2G074317,GRMZM5G858887","","Potri.017G089800","Sobic.001G083800","Seita.9G085500","Sevir.9G083800"
"P.trichocarpa","Potri.017G139700",NA,"Fe,Mn,Zn",NA,NA,NA,NA,"Inferred","AT5G17290","AT5G17290","Medtr5g076920","LOC_Os02g02570","Traes_6AS_71E2F7AA0,Traes_6AS_D63283162,Traes_6BS_0C41C87D1","GRMZM2G098420","","Potri.017G139700","Sobic.004G013600","Seita.1G112300","Sevir.1G112000"
"P.trichocarpa","Potri.008G197000",NA,"Cu",NA,NA,NA,NA,"Inferred","AT5G18830","AT5G18830","Medtr2g020620","LOC_Os05g33810","Traes_1AL_C921492AA,Traes_1BL_8709BB152,Traes_1DL_93BCED372","GRMZM2G109354","Glyma.15G099400","Potri.008G197000","Sobic.009G135000","Seita.3G246000","Sevir.3G251900"
"P.trichocarpa","Potri.010G026200",NA,"Cu",NA,NA,NA,NA,"Inferred","AT5G18830","AT5G18830","Medtr2g020620","LOC_Os05g33810","Traes_1AL_C921492AA,Traes_1BL_8709BB152,Traes_1DL_93BCED372","GRMZM2G109354","Glyma.15G099400","Potri.010G026200","Sobic.009G135000","Seita.3G246000","Sevir.3G251900"
"P.trichocarpa","Potri.006G219200",NA,"Cu",NA,NA,NA,NA,"Inferred","AT5G20650","AT5G20650","Medtr3g105330","LOC_Os09g26900","","GRMZM2G003179","Glyma.04G057000,Glyma.06G057400,Glyma.14G107100,Glyma.17G219400","Potri.006G219200","Sobic.001G353200,Sobic.002G215800","Seita.2G218500","Sevir.2G228000"
"P.trichocarpa","Potri.006G068400",NA,"Na",NA,NA,NA,NA,"Inferred","AT5G35410","AT5G35410","Medtr4g114670","LOC_Os06g40370","","GRMZM2G137569,GRMZM2G171507","Glyma.17G113700","Potri.006G068400","Sobic.010G186300","Seita.4G221700","Sevir.4G231900"
"P.trichocarpa","Potri.018G130500",NA,"Na",NA,NA,NA,NA,"Inferred","AT5G35410","AT5G35410","Medtr4g114670","LOC_Os06g40370","","GRMZM2G137569,GRMZM2G171507","Glyma.17G113700","Potri.018G130500","Sobic.010G186300","Seita.4G221700","Sevir.4G231900"
"P.trichocarpa","Potri.005G189600",NA,"Fe",NA,NA,NA,NA,"Inferred","AT5G42130","AT5G42130","Medtr6g034515","LOC_Os01g73420","","GRMZM2G047457","Glyma.02G084300","Potri.005G189600","Sobic.003G439100","Seita.5G464300","Sevir.5G470600"
"P.trichocarpa","Potri.014G195800",NA,"Zn,Cd,As",NA,NA,NA,NA,"Inferred","AT5G44070,LOC_Os06g01260","AT1G03980,AT5G44070","Medtr7g097190","LOC_Os06g01260","Traes_4DL_A6F0CFF85,Traes_7AS_1E2FE9F98,Traes_7BS_9927262C2,Traes_7DS_E848BACC2","GRMZM2G091228","Glyma.03G165000,Glyma.19G166400","Potri.014G195800","Sobic.003G024200,Sobic.003G024300","Seita.5G146100,Seita.5G146200","Sevir.5G144600,Sevir.5G144700"
"P.trichocarpa","Potri.012G002200",NA,"Pb",NA,NA,NA,NA,"Inferred","AT5G53130","AT5G53130","Medtr3g091080","LOC_Os06g33570","Traes_7AL_73C8ED75D,Traes_7BL_DF6FB3A22,Traes_7DL_EF8A95CB3","GRMZM2G148118","Glyma.14G161600","Potri.012G002200","Sobic.004G113300,Sobic.004G113400,Sobic.010G153700","Seita.1G014200,Seita.4G168400","Sevir.1G014200,Sevir.4G136300"
"P.trichocarpa","Potri.015G019100",NA,"Pb",NA,NA,NA,NA,"Inferred","AT5G53130","AT5G53130","Medtr3g091080","LOC_Os06g33570","Traes_7AL_73C8ED75D,Traes_7BL_DF6FB3A22,Traes_7DL_EF8A95CB3","GRMZM2G148118","Glyma.14G161600","Potri.015G019100","Sobic.004G113300,Sobic.004G113400,Sobic.010G153700","Seita.1G014200,Seita.4G168400","Sevir.1G014200,Sevir.4G136300"
"P.trichocarpa","Potri.012G024700",NA,"Fe,Zn,Cu",NA,NA,NA,NA,"Inferred","AT5G53550,LOC_Os04g45860,LOC_Os04g45900","AT5G53550","Medtr3g092090","LOC_Os04g45860,LOC_Os04g45900","Traes_2AL_2F91AF932,Traes_2AL_CFCA01C76,Traes_2BL_6C5206B6D,Traes_2DL_131222AE2","GRMZM2G026391,GRMZM2G051179","","Potri.012G024700","Sobic.006G164200,Sobic.006G164300","Seita.7G185000","Sevir.7G195100"
"P.trichocarpa","Potri.001G416600",NA,"Cd,Co,Fe,Mn,Zn",NA,NA,NA,NA,"Inferred","AT5G54680","AT5G54680","Medtr2g082640,Medtr4g081370","LOC_Os07g35870","Traes_2AS_FE9AC4EDD,Traes_2BS_7190FAD1A,Traes_2DS_B05DDA181","GRMZM2G058451","Glyma.12G214900,Glyma.13G286700","Potri.001G416600","Sobic.002G329300","Seita.2G342600","Sevir.2G352900,Sevir.6G068300"
"P.trichocarpa","Potri.011G132400",NA,"Cd,Co,Fe,Mn,Zn",NA,NA,NA,NA,"Inferred","AT5G54680","AT5G54680","Medtr2g082640,Medtr4g081370","LOC_Os07g35870","Traes_2AS_FE9AC4EDD,Traes_2BS_7190FAD1A,Traes_2DS_B05DDA181","GRMZM2G058451","Glyma.12G214900,Glyma.13G286700","Potri.011G132400","Sobic.002G329300","Seita.2G342600","Sevir.2G352900,Sevir.6G068300"
"P.trichocarpa","Potri.001G420300",NA,"Cd",NA,NA,NA,NA,"Inferred","AT5G54810","AT4G27070,AT5G54810","Medtr3g049410,Medtr3g051120","LOC_Os08g04180","Traes_7AL_7C0CB1D06,Traes_7BL_28E519867,Traes_7DL_B73A0C80B","GRMZM2G005024,GRMZM2G169593","Glyma.08G312300,Glyma.18G102800","Potri.001G420300","Sobic.007G032000","Seita.6G072900","Sevir.6G072000"
"P.trichocarpa","Potri.011G136000",NA,"Cd",NA,NA,NA,NA,"Inferred","AT5G54810","AT4G27070,AT5G54810","Medtr3g049410,Medtr3g051120","LOC_Os08g04180","Traes_7AL_7C0CB1D06,Traes_7BL_28E519867,Traes_7DL_B73A0C80B","GRMZM2G005024,GRMZM2G169593","Glyma.08G312300,Glyma.18G102800","Potri.011G136000","Sobic.007G032000","Seita.6G072900","Sevir.6G072000"
"P.trichocarpa","Potri.006G170800",NA,"Li,B,Na,Mg,K,Ca,Mn,Fe,Co,Ni,Cu,Zn,Rb,Sr,Mo,Cd",NA,NA,NA,NA,"Inferred","AT5G57620","AT5G57620","Medtr4g128670","LOC_Os08g15020","","GRMZM2G015021,GRMZM5G848185","Glyma.13G094400,Glyma.17G065800","Potri.006G170800","","Seita.2G213200,Seita.6G097100",""
"P.trichocarpa","Potri.018G095900",NA,"Li,B,Na,Mg,K,Ca,Mn,Fe,Co,Ni,Cu,Zn,Rb,Sr,Mo,Cd",NA,NA,NA,NA,"Inferred","AT5G57620","AT5G57620","Medtr4g128670","LOC_Os08g15020","","GRMZM2G015021,GRMZM5G848185","Glyma.13G094400,Glyma.17G065800","Potri.018G095900","","Seita.2G213200,Seita.6G097100",""
"P.trichocarpa","Potri.001G246000",NA,"Cu",NA,NA,NA,NA,"Inferred","AT5G59030","AT2G26975,AT3G46900,AT5G59030","Medtr4g064963,Medtr4g065123,Medtr4g065660","LOC_Os01g56420,LOC_Os01g56430,LOC_Os05g35050","","GRMZM2G042412","Glyma.11G134700","Potri.001G246000","Sobic.003G310200","Seita.5G333000,Seita.5G333200","Sevir.5G337200,Sevir.5G337400"
"P.trichocarpa","Potri.009G038700",NA,"Cu",NA,NA,NA,NA,"Inferred","AT5G59030","AT2G26975,AT3G46900,AT5G59030","Medtr4g064963,Medtr4g065123,Medtr4g065660","LOC_Os01g56420,LOC_Os01g56430,LOC_Os05g35050","","GRMZM2G042412","Glyma.11G134700","Potri.009G038700","Sobic.003G310200","Seita.5G333000,Seita.5G333200","Sevir.5G337200,Sevir.5G337400"
"P.trichocarpa","Potri.009G038800",NA,"Cu",NA,NA,NA,NA,"Inferred","AT5G59030","AT2G26975,AT3G46900,AT5G59030","Medtr4g064963,Medtr4g065123,Medtr4g065660","LOC_Os01g56420,LOC_Os01g56430,LOC_Os05g35050","","GRMZM2G042412","Glyma.11G134700","Potri.009G038800","Sobic.003G310200","Seita.5G333000,Seita.5G333200","Sevir.5G337200,Sevir.5G337400"
"P.trichocarpa","Potri.005G083600",NA,"K",NA,NA,NA,NA,"Inferred","AT5G64930","AT5G64930","Medtr3g094760","LOC_Os01g68970,LOC_Os02g53070","Traes_3AL_2600CE5A9,Traes_3DL_738EEB08B,Traes_6AL_E7EC461BD,Traes_6DL_E3552E85E","GRMZM2G032447,GRMZM2G158811","","Potri.005G083600","Sobic.003G402900,Sobic.004G312100","Seita.1G334300,Seita.5G428700","Sevir.1G340900,Sevir.5G434600"
"P.trichocarpa","Potri.007G082100",NA,"K",NA,NA,NA,NA,"Inferred","AT5G64930","AT5G64930","Medtr3g094760","LOC_Os01g68970,LOC_Os02g53070","Traes_3AL_2600CE5A9,Traes_3DL_738EEB08B,Traes_6AL_E7EC461BD,Traes_6DL_E3552E85E","GRMZM2G032447,GRMZM2G158811","","Potri.007G082100","Sobic.003G402900,Sobic.004G312100","Seita.1G334300,Seita.5G428700","Sevir.1G340900,Sevir.5G434600"
"P.trichocarpa","Potri.002G080400",NA,"Fe,Mn,Cd",NA,NA,NA,NA,"Inferred","Medtr3g088460,LOC_Os07g15370","","Medtr3g088440,Medtr3g088460","LOC_Os07g15370","Traes_4AS_5D4904831,Traes_4DL_657E82F56","GRMZM2G147560","Glyma.06G115800","Potri.002G080400","Sobic.002G095400","Seita.2G100300","Sevir.2G103000"
"P.trichocarpa","Potri.002G080500",NA,"Fe,Mn,Cd",NA,NA,NA,NA,"Inferred","Medtr3g088460,LOC_Os07g15370","","Medtr3g088440,Medtr3g088460","LOC_Os07g15370","Traes_4AS_5D4904831,Traes_4DL_657E82F56","GRMZM2G147560","Glyma.06G115800","Potri.002G080500","Sobic.002G095400","Seita.2G100300","Sevir.2G103000"
"P.trichocarpa","Potri.005G181000",NA,"Fe,Mn,Cd",NA,NA,NA,NA,"Inferred","Medtr3g088460,LOC_Os07g15370","","Medtr3g088440,Medtr3g088460","LOC_Os07g15370","Traes_4AS_5D4904831,Traes_4DL_657E82F56","GRMZM2G147560","Glyma.06G115800","Potri.005G181000","Sobic.002G095400","Seita.2G100300","Sevir.2G103000"
"P.trichocarpa","Potri.005G181100",NA,"Fe,Mn,Cd",NA,NA,NA,NA,"Inferred","Medtr3g088460,LOC_Os07g15370","","Medtr3g088440,Medtr3g088460","LOC_Os07g15370","Traes_4AS_5D4904831,Traes_4DL_657E82F56","GRMZM2G147560","Glyma.06G115800","Potri.005G181100","Sobic.002G095400","Seita.2G100300","Sevir.2G103000"
"P.trichocarpa","Potri.006G093200",NA,"Cu",NA,NA,NA,NA,"Inferred","Medtr4g019870","","Medtr4g019870,Medtr7g066070","","","","Glyma.01G106700,Glyma.07G141200,Glyma.18G191300","Potri.006G093200","","",""
"P.trichocarpa","Potri.001G245800",NA,"Zn",NA,NA,NA,NA,"Inferred","Medtr4g064893","AT2G29410","Medtr4g064893","","","","Glyma.11G135500,Glyma.12G059000","Potri.001G245800","","",""
"P.trichocarpa","Potri.008G083600",NA,"Mn",NA,NA,NA,NA,"Inferred","LOC_Os01g03914","","Medtr3g080090","LOC_Os01g03914","Traes_3AS_4988A011D,Traes_3B_2BC989BE8","AC182482.3_FG003","Glyma.09G122600","Potri.008G083600","Sobic.003G086300","Seita.5G088300","Sevir.5G086900"
"P.trichocarpa","Potri.010G172600",NA,"Mn",NA,NA,NA,NA,"Inferred","LOC_Os01g03914","","Medtr3g080090","LOC_Os01g03914","Traes_3AS_4988A011D,Traes_3B_2BC989BE8","AC182482.3_FG003","Glyma.09G122600","Potri.010G172600","","",""
"P.trichocarpa","Potri.010G172700",NA,"Mn",NA,NA,NA,NA,"Inferred","LOC_Os01g03914","","Medtr3g080090","LOC_Os01g03914","Traes_3AS_4988A011D,Traes_3B_2BC989BE8","AC182482.3_FG003","","Potri.010G172700","Sobic.003G086300","Seita.5G088300","Sevir.5G086900"
"P.trichocarpa","Potri.010G172800",NA,"Mn",NA,NA,NA,NA,"Inferred","LOC_Os01g03914","AT1G16310,AT1G79520","Medtr2g064405,Medtr8g046550","LOC_Os01g03914","Traes_3AS_4988A011D,Traes_3B_2BC989BE8","AC182482.3_FG003","Glyma.08G164800,Glyma.15G262300,Glyma.15G262400","Potri.010G172800","Sobic.003G086300","Seita.5G088300","Sevir.5G086900"
"P.trichocarpa","Potri.010G172900",NA,"Mn",NA,NA,NA,NA,"Inferred","LOC_Os01g03914","AT1G16310,AT1G79520","Medtr2g064405,Medtr8g046550","LOC_Os01g03914","Traes_3AS_4988A011D,Traes_3B_2BC989BE8","AC182482.3_FG003","Glyma.08G164800,Glyma.15G262300,Glyma.15G262400","Potri.010G172900","Sobic.003G086300","Seita.5G088300","Sevir.5G086900"
"P.trichocarpa","Potri.006G154600",NA,"K",NA,NA,NA,NA,"Inferred","LOC_Os01g45990","AT2G26650","Medtr4g113530","LOC_Os01g45990","Traes_3AL_D426C4603,Traes_3B_1795B9E0B,Traes_3DL_8D6F782B1","GRMZM2G022915,GRMZM2G171279","Glyma.05G010600","Potri.006G154600","Sobic.003G237900","Seita.5G244400","Sevir.5G252300"
"P.trichocarpa","Potri.018G031600",NA,"K",NA,NA,NA,NA,"Inferred","LOC_Os01g45990","AT2G25600,AT4G32500","","LOC_Os01g45990","Traes_3AL_D426C4603,Traes_3B_1795B9E0B,Traes_3DL_8D6F782B1","GRMZM2G022915,GRMZM2G171279","","Potri.018G031600","","",""
"P.trichocarpa","Potri.018G071400",NA,"K",NA,NA,NA,NA,"Inferred","LOC_Os01g45990","AT2G26650","Medtr4g113530","LOC_Os01g45990","Traes_3AL_D426C4603,Traes_3B_1795B9E0B,Traes_3DL_8D6F782B1","GRMZM2G022915,GRMZM2G171279","Glyma.05G010600","Potri.018G071400","Sobic.003G237900","Seita.5G244400","Sevir.5G252300"
"P.trichocarpa","Potri.008G019700",NA,"Fe",NA,NA,NA,NA,"Inferred","LOC_Os01g64250","AT3G54290","Medtr1g050385,Medtr1g111960","LOC_Os01g64250","Traes_3AL_634A11206,Traes_3B_1943DBE89","AC232238.2_FG008,GRMZM2G141647","Glyma.10G111100,Glyma.10G278400,Glyma.20G111300","Potri.008G019700","Sobic.003G364900","Seita.5G390600","Sevir.5G395800"
"P.trichocarpa","Potri.010G239700",NA,"Fe",NA,NA,NA,NA,"Inferred","LOC_Os01g64250","AT3G54290","Medtr1g050385,Medtr1g111960","LOC_Os01g64250","Traes_3AL_634A11206,Traes_3B_1943DBE89","AC232238.2_FG008,GRMZM2G141647","Glyma.10G111100,Glyma.10G278400,Glyma.20G111300","Potri.010G239700","Sobic.003G364900","Seita.5G390600","Sevir.5G395800"
"P.trichocarpa","Potri.001G019100",NA,"Cu",NA,NA,NA,NA,"Inferred","LOC_Os02g10290","","Medtr8g012390","LOC_Os02g10290","Traes_6AS_6F306F27E,Traes_6BS_A8B960E60,Traes_6DS_26C5A0A44","GRMZM2G029951","Glyma.16G088300","Potri.001G019100","Sobic.004G079900","Seita.1G049200","Sevir.1G048900"
"P.trichocarpa","Potri.004G063000",NA,"As",NA,NA,NA,NA,"Inferred","LOC_Os02g13870","AT4G18910,AT4G19030","Medtr2g017570,Medtr2g017590,Medtr2g017610,Medtr8g087710,Medtr8g087720","LOC_Os02g13870","Traes_5BL_1C01FBFC1,Traes_7DS_A92314B8C","GRMZM2G041980","Glyma.05G162600,Glyma.08G120200,Glyma.13G224900,Glyma.15G087300","Potri.004G063000","Sobic.003G026400,Sobic.004G102200,Sobic.009G075900","Seita.1G025100,Seita.3G073300","Sevir.3G074900"
"P.trichocarpa","Potri.011G072100",NA,"As",NA,NA,NA,NA,"Inferred","LOC_Os02g13870","AT4G18910,AT4G19030","Medtr2g017570,Medtr2g017590,Medtr2g017610,Medtr8g087710,Medtr8g087720","LOC_Os02g13870","Traes_5BL_1C01FBFC1,Traes_7DS_A92314B8C","GRMZM2G041980","Glyma.05G162600,Glyma.08G120200,Glyma.13G224900,Glyma.15G087300","Potri.011G072100","Sobic.003G026400,Sobic.004G102200,Sobic.009G075900","Seita.1G025100,Seita.3G073300","Sevir.3G074900"
"P.trichocarpa","Potri.017G083300",NA,"Se",NA,NA,NA,NA,"Inferred","LOC_Os02g51110","","Medtr7g010650","LOC_Os02g51110,LOC_Os06g12310","Traes_6AL_4956852E0,Traes_6DL_481276D28,Traes_7AS_8344D4F43,Traes_7BS_721120525,Traes_7DS_695861FED","GRMZM2G028325,GRMZM2G081239,GRMZM2G082184,GRMZM2G137108","Glyma.09G238200","Potri.017G083300","Sobic.004G238100,Sobic.010G092600","Seita.1G318800,Seita.4G098700","Sevir.1G325000,Sevir.4G097800"
"P.trichocarpa","Potri.001G282400",NA,"Fe",NA,NA,NA,NA,"Inferred","LOC_Os03g18550","AT1G07030,AT2G30160","Medtr5g073040","LOC_Os03g18550","Traes_4DL_7B2F68152","GRMZM2G032182,GRMZM2G053908","Glyma.02G231200,Glyma.14G198800","Potri.001G282400","Sobic.001G403700","Seita.9G437700","Sevir.9G441600"
"P.trichocarpa","Potri.009G077600",NA,"Fe",NA,NA,NA,NA,"Inferred","LOC_Os03g18550","AT1G07030,AT2G30160","Medtr5g073040","LOC_Os03g18550","Traes_4DL_7B2F68152","GRMZM2G032182,GRMZM2G053908","Glyma.02G231200,Glyma.14G198800","Potri.009G077600","Sobic.001G403700","Seita.9G437700","Sevir.9G441600"
"P.trichocarpa","Potri.016G125200",NA,"Fe",NA,NA,NA,NA,"Inferred","LOC_Os03g18550","","","LOC_Os03g18550","Traes_4DL_7B2F68152","GRMZM2G032182,GRMZM2G053908","","Potri.016G125200","Sobic.001G403700","Seita.9G437700","Sevir.9G441600"
"P.trichocarpa","Potri.010G143100",NA,"Fe",NA,NA,NA,NA,"Inferred","LOC_Os03g19420","","Medtr2g034240","LOC_Os03g19420,LOC_Os03g19427,LOC_Os07g48980","Traes_2BS_CB79BAFB1,Traes_6AS_5D0B8CF891,Traes_6DS_0BF81EADB","AC233955.1_FG003,GRMZM2G030036,GRMZM2G034956,GRMZM2G050108,GRMZM2G124785,GRMZM2G312481,GRMZM2G385200,GRMZM2G439195,GRMZM2G478568,GRMZM2G704488","","Potri.010G143100","Sobic.001G151400,Sobic.001G395900","Seita.2G440200,Seita.9G045300,Seita.9G429600","Sevir.2G452700,Sevir.9G044800"
"P.trichocarpa","Potri.001G179400",NA,"P",NA,NA,NA,NA,"Inferred","LOC_Os06g05160","AT3G15990","Medtr2g102243,Medtr4g011970","LOC_Os06g05160","","GRMZM2G444801","Glyma.13G360000,Glyma.15G014000","Potri.001G179400","Sobic.010G033800","Seita.4G032500","Sevir.4G031300"
"P.trichocarpa","Potri.003G056200",NA,"P",NA,NA,NA,NA,"Inferred","LOC_Os06g05160","AT3G15990","Medtr2g102243,Medtr4g011970","LOC_Os06g05160","","GRMZM2G444801","Glyma.13G360000,Glyma.15G014000","Potri.003G056200","Sobic.010G033800","Seita.4G032500","Sevir.4G031300"
"P.trichocarpa","Potri.001G366800",NA,"K",NA,NA,NA,NA,"Inferred","LOC_Os07g01810","AT5G55630","Medtr5g095650","LOC_Os03g54100,LOC_Os07g01810","Traes_5BL_12780666F,Traes_5DL_A98953CFA","GRMZM2G351347","Glyma.02G299700","Potri.001G366800","Sobic.001G086900,Sobic.005G114000","Seita.7G288300,Seita.8G118200,Seita.9G089200,Seita.9G089400","Sevir.8G124600,Sevir.9G087900"
"P.trichocarpa","Potri.008G004600",NA,"K",NA,NA,NA,NA,"Inferred","LOC_Os07g01810","AT5G55630","Medtr5g095650","LOC_Os03g54100,LOC_Os07g01810","Traes_5BL_12780666F,Traes_5DL_A98953CFA","GRMZM2G351347","Glyma.02G299700","Potri.008G004600","Sobic.001G086900,Sobic.005G114000","Seita.7G288300,Seita.8G118200,Seita.9G089200,Seita.9G089400","Sevir.8G124600,Sevir.9G087900"
"P.trichocarpa","Potri.008G004700",NA,"K",NA,NA,NA,NA,"Inferred","LOC_Os07g01810","AT5G55630","Medtr5g095650","LOC_Os03g54100,LOC_Os07g01810","Traes_5BL_12780666F,Traes_5DL_A98953CFA","GRMZM2G351347","","Potri.008G004700","Sobic.001G086900,Sobic.005G114000","Seita.7G288300,Seita.8G118200,Seita.9G089200,Seita.9G089400","Sevir.8G124600,Sevir.9G087900"
"P.trichocarpa","Potri.008G029200",NA,"P",NA,NA,NA,NA,"Inferred","LOC_Os07g09000","AT3G52190","Medtr1g090873","LOC_Os07g09000","Traes_7AL_C16365A45,Traes_7BL_48A3E8A28,Traes_7DL_53DB0C6B3","GRMZM2G158489,GRMZM2G312091","Glyma.10G200200,Glyma.20G190300","Potri.008G029200","Sobic.001G054000,Sobic.002G060900","Seita.2G065200,Seita.9G052300","Sevir.2G068500,Sevir.9G051400"
"P.trichocarpa","Potri.010G232400",NA,"P",NA,NA,NA,NA,"Inferred","LOC_Os07g09000","AT3G52190","Medtr1g090873","LOC_Os07g09000","Traes_7AL_C16365A45,Traes_7BL_48A3E8A28,Traes_7DL_53DB0C6B3","GRMZM2G158489,GRMZM2G312091","Glyma.10G200200,Glyma.20G190300","Potri.010G232400","Sobic.001G054000,Sobic.002G060900","Seita.2G065200,Seita.9G052300","Sevir.2G068500,Sevir.9G051400"
"P.trichocarpa","Potri.006G026200",NA,"Fe",NA,NA,NA,NA,"Inferred","LOC_Os12g03899","","Medtr3g010820,Medtr3g010850,Medtr3g086440,Medtr8g042770,Medtr8g042780,Medtr8g042870,Medtr8g062990","LOC_Os11g04030,LOC_Os11g04104,LOC_Os12g03860,LOC_Os12g03899","Traes_4AL_4231650FC,Traes_4AL_5C7A4DA54,Traes_4BS_1DCF82CB7,Traes_4DS_9033E70FF","GRMZM2G115658,GRMZM2G141081,GRMZM2G336448","","Potri.006G026200","Sobic.005G024700,Sobic.005G024800,Sobic.005G024900,Sobic.008G015700,Sobic.008G015800","Seita.7G312300,Seita.7G312500,Seita.8G020800,Seita.8G070700","Sevir.3G091300,Sevir.7G322400,Sevir.8G023200,Sevir.8G023400,Sevir.8G071400"
"P.trichocarpa","Potri.008G010600",NA,"Fe",NA,NA,NA,NA,"Inferred","LOC_Os12g03899","AT5G13750","Medtr3g010820,Medtr3g010850,Medtr3g086440,Medtr8g042770,Medtr8g042780,Medtr8g042870,Medtr8g062990","LOC_Os11g04030,LOC_Os11g04104,LOC_Os12g03860,LOC_Os12g03899","Traes_4AL_4231650FC,Traes_4AL_5C7A4DA54,Traes_4BS_1DCF82CB7,Traes_4DS_9033E70FF","GRMZM2G115658,GRMZM2G141081,GRMZM2G336448","Glyma.04G124800,Glyma.06G313500,Glyma.13G186700,Glyma.15G224200","Potri.008G010600","Sobic.005G024700,Sobic.005G024800,Sobic.005G024900,Sobic.008G015700,Sobic.008G015800","Seita.7G312300,Seita.7G312500,Seita.8G020800,Seita.8G070700","Sevir.3G091300,Sevir.7G322400,Sevir.8G023200,Sevir.8G023400,Sevir.8G071400"
"P.trichocarpa","Potri.009G021700",NA,"Fe",NA,NA,NA,NA,"Inferred","LOC_Os12g03899","","","LOC_Os11g04030,LOC_Os11g04104,LOC_Os12g03860,LOC_Os12g03899","Traes_4AL_4231650FC,Traes_4AL_5C7A4DA54,Traes_4BS_1DCF82CB7,Traes_4DS_9033E70FF","GRMZM2G115658,GRMZM2G141081,GRMZM2G336448","","Potri.009G021700","Sobic.005G024700,Sobic.005G024800,Sobic.005G024900,Sobic.008G015700,Sobic.008G015800","","Sevir.3G091300,Sevir.7G322400,Sevir.8G023200,Sevir.8G023400,Sevir.8G071400"
"P.trichocarpa","Potri.016G024400",NA,"Fe",NA,NA,NA,NA,"Inferred","LOC_Os12g03899","","Medtr3g010820,Medtr3g010850,Medtr3g086440,Medtr8g042770,Medtr8g042780,Medtr8g042870,Medtr8g062990","LOC_Os11g04030,LOC_Os11g04104,LOC_Os12g03860,LOC_Os12g03899","Traes_4AL_4231650FC,Traes_4AL_5C7A4DA54,Traes_4BS_1DCF82CB7,Traes_4DS_9033E70FF","GRMZM2G115658,GRMZM2G141081,GRMZM2G336448","Glyma.04G124800,Glyma.06G313500,Glyma.13G186700,Glyma.15G224200","Potri.016G024400","Sobic.005G024700,Sobic.005G024800,Sobic.005G024900,Sobic.008G015700,Sobic.008G015800","Seita.7G312300,Seita.7G312500,Seita.8G020800,Seita.8G070700","Sevir.3G091300,Sevir.7G322400,Sevir.8G023200,Sevir.8G023400,Sevir.8G071400"
"P.trichocarpa","Potri.008G100300",NA,"B",NA,NA,NA,NA,"Inferred","LOC_Os12g37840","","","LOC_Os12g37840","Traes_5AS_B9B99F1F2,Traes_5DS_94753D198","GRMZM2G082203,GRMZM2G166159","","Potri.008G100300","Sobic.008G132300","Seita.3G333100","Sevir.3G347400"
"P.trichocarpa","Potri.008G193100",NA,"Fe",NA,NA,NA,NA,"Inferred","GRMZM2G060952","AT1G59950,AT1G59960","","LOC_Os03g13390,LOC_Os10g02380,LOC_Os10g02490","Traes_4AS_887399584","GRMZM2G060952","Glyma.15G189300,Glyma.20G031100","Potri.008G193100","Sobic.001G443100","Seita.9G476100","Sevir.9G479900"
"P.trichocarpa","Potri.T133800",NA,"K",NA,NA,NA,NA,"Inferred","GRMZM2G084779","","","LOC_Os01g70490","Traes_3AL_6B9D38F0F,Traes_3AL_9E0B84E84,Traes_3B_75C958395,Traes_3DL_598708C12,Traes_3DL_E912993A9","GRMZM2G084779","","Potri.T133800","Sobic.003G413600,Sobic.003G413700","Seita.5G439500","Sevir.5G446100"
