"Species","GeneID","GeneName","Elements","Citation.s....DOI.only","Closest.ortholog.species","Tissue","Comments","Primary/Inferred","Inferred.from.","A.thaliana orthologs","M.truncatula orthologs","O.sativa orthologs","T.aestivum orthologs","Z.mays orthologs","G.max orthologs","P.trichocarpa orthologs","S.bicolor orthologs","S.italica orthologs","V.vinifera orthologs"
"S.viridis","Sevir.1G132950",NA,"Se,S",NA,NA,NA,NA,"Inferred","AT1G08490","AT1G08490","Medtr3g083980","LOC_Os12g18900,LOC_Os12g18900","","GRMZM2G060470","Glyma.09G021000,Glyma.15G127400","Potri.009G066000","Sobic.005G014700,Sobic.005G014700","","GSVIVG01037384001"
"S.viridis","Sevir.1G275100",NA,"P",NA,NA,NA,NA,"Inferred","AT1G12640","AT1G12640,AT1G63050","Medtr4g102750","LOC_Os02g45344,LOC_Os02g45344","","GRMZM2G481755","Glyma.05G049500,Glyma.17G131500","Potri.001G110100,Potri.003G121700","Sobic.004G283600,Sobic.004G283600","","GSVIVG01019857001"
"S.viridis","Sevir.1G212900",NA,"Zn",NA,NA,NA,NA,"Inferred","AT1G14870","AT1G14870,AT1G14880,AT5G35525","Medtr5g017650,Medtr8g104870","","","","Glyma.08G043500","Potri.008G132900,Potri.010G108800,Potri.010G127700","","","GSVIVG01011687001,GSVIVG01011690001,GSVIVG01011692001"
"S.viridis","Sevir.1G213100",NA,"Zn",NA,NA,NA,NA,"Inferred","AT1G14870","AT1G14870,AT1G14880,AT5G35525","","LOC_Os02g36940,LOC_Os02g36940","","GRMZM2G151230","Glyma.05G236200,Glyma.05G236300","Potri.008G132900,Potri.010G108800,Potri.010G127700","Sobic.004G192100,Sobic.004G192100","",""
"S.viridis","Sevir.2G374000",NA,"Fe,Zn,Co,Mn",NA,NA,NA,NA,"Inferred","AT1G20110","AT1G20110","","LOC_Os07g38580,LOC_Os07g38580","","GRMZM2G061156","","","Sobic.002G348600,Sobic.002G348600","",""
"S.viridis","Sevir.4G295200",NA,"Fe,Zn,Co,Mn",NA,NA,NA,NA,"Inferred","AT1G20110","AT1G20110","Medtr3g114080","LOC_Os06g50840,LOC_Os06g50840","","GRMZM2G366402","Glyma.04G023100,Glyma.06G023000","Potri.002G018900,Potri.005G242700","Sobic.010G269100,Sobic.010G269100","","GSVIVG01009956001"
"S.viridis","Sevir.2G037000",NA,"K",NA,NA,NA,NA,"Inferred","AT1G30270","AT1G30270","Medtr2g049790","LOC_Os07g05620,LOC_Os07g05620","","GRMZM2G013236","Glyma.09G089700","Potri.006G062800,Potri.018G119200,Potri.018G122300","Sobic.002G034700,Sobic.002G034700","","GSVIVG01021541001"
"S.viridis","Sevir.7G252600",NA,"Cd,As",NA,NA,NA,NA,"Inferred","AT1G30400,LOC_Os04g52900","AT1G30400,AT2G34660","Medtr2g019020","LOC_Os04g52900,LOC_Os04g52900","","GRMZM2G084181","Glyma.13G220000,Glyma.15G092400","Potri.011G091200","Sobic.006G219300,Sobic.006G219300","","GSVIVG01021589001"
"S.viridis","Sevir.3G283200",NA,"Ca,K,Na,S",NA,NA,NA,NA,"Inferred","AT1G30450","AT1G30450","Medtr2g048510","LOC_Os08g23440,LOC_Os08g23440","","GRMZM2G113276","Glyma.09G085300,Glyma.15G193400","Potri.011G090900","Sobic.009G105900,Sobic.009G105900","","GSVIVG01021607001"
"S.viridis","Sevir.5G024400",NA,"Ca,K,Na,S",NA,NA,NA,NA,"Inferred","AT1G30450","AT1G30450","Medtr2g048510","","","GRMZM2G113276","Glyma.09G085300,Glyma.15G193400","Potri.011G090900","Sobic.005G040700,Sobic.005G040700","","GSVIVG01021607001"
"S.viridis","Sevir.1G301800",NA,"K",NA,NA,NA,NA,"Inferred","AT1G32450","AT1G32450,AT4G21680","Medtr4g098800,Medtr5g014150,Medtr7g010820","LOC_Os02g48570,LOC_Os02g48570","","GRMZM2G061303","Glyma.08G361300,Glyma.10G296600,Glyma.18G300400,Glyma.20G247400","Potri.001G145200,Potri.003G088800,Potri.014G179400","Sobic.004G260500,Sobic.004G260500","","GSVIVG01018395001"
"S.viridis","Sevir.5G404100",NA,"S,Se",NA,NA,NA,NA,"Inferred","AT1G36370","AT1G22020,AT1G36370","Medtr2g006570","LOC_Os01g65410,LOC_Os01g65410","","GRMZM2G452630","Glyma.08G187800,Glyma.12G170300","Potri.001G212000,Potri.002G090200,Potri.005G170800","Sobic.003G373600,Sobic.003G373600","","GSVIVG01008954001"
"S.viridis","Sevir.2G452700",NA,"Fe,Cd,Co,Mo",NA,NA,NA,NA,"Inferred","AT1G56430","AT1G09240,AT1G56430,AT5G04950,AT5G56080","Medtr1g084050,Medtr2g034240,Medtr7g112130","LOC_Os07g48980,LOC_Os07g48980","","GRMZM2G478568","Glyma.03G231200,Glyma.09G036400,Glyma.19G228400","Potri.005G014300,Potri.005G017300,Potri.010G143100","Sobic.001G151400,Sobic.001G151400","","GSVIVG01029178001"
"S.viridis","Sevir.9G044800",NA,"Fe,Cd,Co,Mo",NA,NA,NA,NA,"Inferred","AT1G56430,LOC_Os03g19420","AT1G09240,AT1G56430,AT5G04950,AT5G56080","Medtr1g084050,Medtr2g034240,Medtr7g112130","LOC_Os03g19420,LOC_Os03g19427,LOC_Os03g19420,LOC_Os03g19427","","AC233955.1_FG003,GRMZM2G034956,GRMZM2G312481,GRMZM2G385200,GRMZM2G704488","Glyma.03G231200,Glyma.09G036400,Glyma.19G228400","Potri.005G014300,Potri.005G017300,Potri.010G143100","","","GSVIVG01029178001"
"S.viridis","Sevir.4G150000",NA,"Cd",NA,NA,NA,NA,"Inferred","AT1G59870","AT1G15210,AT1G59870","Medtr2g101090,Medtr8g014360","LOC_Os06g36090,LOC_Os06g36090","","GRMZM2G029506","Glyma.07G015800,Glyma.08G201300,Glyma.13G355000","Potri.001G189500,Potri.003G049600","Sobic.010G165500,Sobic.010G165500","","GSVIVG01016999001"
"S.viridis","Sevir.4G249800",NA,"Fe",NA,NA,NA,NA,"Inferred","AT1G60960","AT1G10970,AT1G60960","Medtr1g016120,Medtr3g104400","LOC_Os06g37010,LOC_Os06g37010","","GRMZM2G064382","Glyma.04G051100,Glyma.06G052000","Potri.018G053300","Sobic.010G171300,Sobic.010G171300","","GSVIVG01035402001"
"S.viridis","Sevir.2G338800",NA,"S,Se",NA,NA,NA,NA,"Inferred","AT1G62180","AT1G62180,AT4G04610,AT4G21990","Medtr2g023540","LOC_Os07g32570,LOC_Os07g32570","","AC189750.4_FG004","Glyma.07G261500,Glyma.09G004400,Glyma.15G108700","Potri.004G012100,Potri.T104400","Sobic.002G314300,Sobic.002G314300","","GSVIVG01030440001"
"S.viridis","Sevir.7G205900",NA,"Cu",NA,NA,NA,NA,"Inferred","AT1G63440,LOC_Os04g46940","AT1G63440","Medtr5g010420,Medtr8g079250","LOC_Os04g46940,LOC_Os04g46940","","GRMZM2G143512","Glyma.19G140000","Potri.001G105800,Potri.003G125600,Potri.003G125700","Sobic.006G173700,Sobic.006G173700","","GSVIVG01019769001"
"S.viridis","Sevir.7G206000",NA,"Cu",NA,NA,NA,NA,"Inferred","AT1G63440","AT1G63440","Medtr5g010420,Medtr8g079250","","","GRMZM2G144083","Glyma.19G140000","Potri.001G105800,Potri.003G125600,Potri.003G125700","Sobic.006G173800,Sobic.006G173800","","GSVIVG01019769001"
"S.viridis","Sevir.8G115200",NA,"Cu",NA,NA,NA,NA,"Inferred","AT1G66240,LOC_Os08g10480","AT1G66240","Medtr1g092670","LOC_Os08g10480,LOC_Os08g10480","","","Glyma.10G203200,Glyma.20G187100","Potri.010G236500","Sobic.008G179500,Sobic.008G179500","","GSVIVG01034760001"
"S.viridis","Sevir.3G052300",NA,"P",NA,NA,NA,NA,"Inferred","AT1G68320","AT1G25340,AT1G68320","Medtr2g033170,Medtr4g123040","LOC_Os05g04210,LOC_Os05g04210","","GRMZM2G001824,GRMZM2G330475,GRMZM2G425427","Glyma.02G009800,Glyma.03G221700,Glyma.10G010400,Glyma.19G218800","Potri.008G122100,Potri.010G123000,Potri.012G055600,Potri.015G046200","Sobic.009G031900,Sobic.009G032000,Sobic.009G031900,Sobic.009G032000","","GSVIVG01028171001,GSVIVG01034943001"
"S.viridis","Sevir.3G348200",NA,"P",NA,NA,NA,NA,"Inferred","AT1G68320","AT1G25340,AT1G68320","Medtr1g086510,Medtr1g086530","LOC_Os12g37690,LOC_Os12g37690","","GRMZM2G143046","","","Sobic.008G131400,Sobic.008G131400","",""
"S.viridis","Sevir.8G248300",NA,"P",NA,NA,NA,NA,"Inferred","AT1G68320","AT1G25340,AT1G68320","Medtr1g086510,Medtr1g086530","","","GRMZM2G131442","","","Sobic.005G217200,Sobic.005G217200","",""
"S.viridis","Sevir.9G429300",NA,"P",NA,NA,NA,NA,"Inferred","AT1G68320","AT1G25340,AT1G68320","Medtr2g033170,Medtr4g123040","LOC_Os03g20090,LOC_Os03g20090","","GRMZM2G134279","Glyma.02G009800,Glyma.03G221700,Glyma.10G010400,Glyma.19G218800","Potri.008G122100,Potri.010G123000,Potri.012G055600,Potri.015G046200","Sobic.001G391500,Sobic.001G391500","","GSVIVG01028171001,GSVIVG01034943001"
"S.viridis","Sevir.4G173800",NA,"P,As",NA,NA,NA,NA,"Inferred","AT1G76430","AT1G20860,AT1G76430","Medtr4g083960","LOC_Os06g21950,LOC_Os06g21950","","","Glyma.07G222700,Glyma.20G021600","Potri.002G005500,Potri.005G256100","Sobic.010G133300,Sobic.010G133300","",""
"S.viridis","Sevir.4G276100",NA,"Mn",NA,NA,NA,NA,"Inferred","AT1G80830","AT1G15960,AT1G80830","Medtr2g104990","LOC_Os06g46310,LOC_Os06g46310","","GRMZM2G069198","Glyma.07G023600,Glyma.08G218200,Glyma.13G369900,Glyma.15G003500","Potri.001G044900","Sobic.010G227800,Sobic.010G227800","","GSVIVG01034237001"
"S.viridis","Sevir.2G205200",NA,"Fe,Zn",NA,NA,NA,NA,"Inferred","AT2G01770,LOC_Os09g23300","AT2G01770","","LOC_Os09g23300,LOC_Os09g23300","","GRMZM2G074672","","","Sobic.002G194600,Sobic.002G194600","",""
"S.viridis","Sevir.7G134800",NA,"Fe,Zn",NA,NA,NA,NA,"Inferred","AT2G01770,LOC_Os04g38940","AT2G01770","Medtr8g105790,Medtr8g105810","LOC_Os04g38940,LOC_Os04g38940","","GRMZM2G107306","Glyma.05G240600,Glyma.08G047500","Potri.010G104100,Potri.010G104200","Sobic.006G109000,Sobic.006G109000","","GSVIVG01011628001"
"S.viridis","Sevir.3G427000",NA,"Na",NA,NA,NA,NA,"Inferred","AT2G01980","AT2G01980","","LOC_Os12g44360,LOC_Os12g44360","","GRMZM2G098494","Glyma.08G092000","Potri.008G140700,Potri.010G100900","Sobic.008G192900,Sobic.008G192900","","GSVIVG01011573001"
"S.viridis","Sevir.9G409800",NA,"S",NA,NA,NA,NA,"Inferred","AT2G13540","AT2G13540","Medtr7g083840","LOC_Os03g22570,LOC_Os03g22570","","GRMZM2G083689","Glyma.16G049600,Glyma.19G101600","Potri.009G049200","Sobic.001G373800,Sobic.001G373800","","GSVIVG01037230001"
"S.viridis","Sevir.4G293800",NA,"Zn",NA,NA,NA,NA,"Inferred","AT2G16770,AT4G35040","AT2G16770,AT4G35040","Medtr4g073100","LOC_Os06g50310,LOC_Os06g50310","","GRMZM2G000171","Glyma.11G108100,Glyma.12G033000","Potri.004G175200,Potri.009G134900","Sobic.010G267500,Sobic.010G267500","","GSVIVG01001468001"
"S.viridis","Sevir.9G058800",NA,"Zn",NA,NA,NA,NA,"Inferred","AT2G16770,AT4G35040","AT2G16770,AT4G35040","Medtr4g073100","LOC_Os06g50310,LOC_Os06g50310","","GRMZM2G000171","Glyma.11G108100,Glyma.12G033000","Potri.004G175200,Potri.009G134900","Sobic.010G267500,Sobic.010G267500","","GSVIVG01001468001"
"S.viridis","Sevir.4G255000",NA,"Zn",NA,NA,NA,NA,"Inferred","AT2G19110,AT4G30110","AT2G19110,AT4G30110","Medtr4g127580","","","GRMZM2G099191","Glyma.09G055600,Glyma.13G099600,Glyma.17G060400","Potri.006G076900","Sobic.010G250900,Sobic.010G250900","","GSVIVG01010896001"
"S.viridis","Sevir.3G384700",NA,"Fe,Mn,Zn",NA,NA,NA,NA,"Inferred","AT2G23150","AT1G47240,AT2G23150","Medtr3g102620,Medtr4g095075,Medtr5g016270,Medtr8g028050","LOC_Os12g39180,LOC_Os12g39180","","GRMZM2G028036","Glyma.01G190700,Glyma.04G044000,Glyma.05G101700,Glyma.06G044200,Glyma.11G051500,Glyma.17G165200","Potri.002G121000","Sobic.008G143700,Sobic.008G143700","","GSVIVG01009387001,GSVIVG01000173001"
"S.viridis","Sevir.9G169700",NA,"Fe,Mn,Zn",NA,NA,NA,NA,"Inferred","AT2G23150","AT1G47240,AT2G23150","Medtr3g102620,Medtr4g095075,Medtr5g016270,Medtr8g028050","","","GRMZM2G025680","Glyma.01G190700,Glyma.04G044000,Glyma.05G101700,Glyma.06G044200,Glyma.11G051500,Glyma.17G165200","Potri.002G121000","Sobic.001G170000,Sobic.001G170000","","GSVIVG01009387001,GSVIVG01000173001"
"S.viridis","Sevir.9G343900",NA,"Cu,Zn",NA,NA,NA,NA,"Inferred","AT2G23240,AT2G42000","AT2G23240,AT2G42000","","","","GRMZM2G402564","Glyma.08G346600,Glyma.18G157800","Potri.004G206400,Potri.009G167700","Sobic.001G311200,Sobic.001G311200","",""
"S.viridis","Sevir.9G183400",NA,"Mo",NA,NA,NA,NA,"Inferred","AT2G25680,Medtr1g010270,Medtr3g464210,LOC_Os08g01120","AT2G25680","Medtr1g010210,Medtr1g010270,Medtr3g108190,Medtr3g464210","LOC_Os08g01120,LOC_Os08g01120","","GRMZM2G083156","Glyma.04G073000,Glyma.06G074100,Glyma.14G130000,Glyma.17G203000,Glyma.17G203200,Glyma.17G203500","Potri.006G245900,Potri.006G246000","Sobic.001G187300,Sobic.001G187300","","GSVIVG01035740001"
"S.viridis","Sevir.7G076300",NA,"Fe",NA,NA,NA,NA,"Inferred","AT2G28160","AT2G28160","Medtr2g084280,Medtr4g057270","LOC_Os04g31290,LOC_Os04g31290","","","Glyma.11G192800,Glyma.12G081200,Glyma.12G178500,Glyma.13G322100","Potri.009G005600,Potri.T155900","","","GSVIVG01031466001"
"S.viridis","Sevir.7G076400",NA,"Fe",NA,NA,NA,NA,"Inferred","AT2G28160","AT2G28160","Medtr2g084280,Medtr4g057270","LOC_Os04g31290,LOC_Os04g31290","","GRMZM2G107672,GRMZM2G173521","Glyma.11G192800,Glyma.12G081200,Glyma.12G178500,Glyma.13G322100","Potri.009G005600,Potri.T155900","Sobic.006G047200,Sobic.006G047200","","GSVIVG01031466001"
"S.viridis","Sevir.5G106900",NA,"Ca,Mn,Zn,Na,S,K,As,Se,Mo",NA,NA,NA,NA,"Inferred","AT2G28670","AT1G07730,AT2G28670","Medtr4g062470,Medtr4g062520","LOC_Os01g06250,LOC_Os01g06250","","AC206350.3_FG005","Glyma.11G144000,Glyma.11G144200,Glyma.12G067400","Potri.008G049200,Potri.010G211800","Sobic.003G064800,Sobic.003G064800","",""
"S.viridis","Sevir.7G019300",NA,"P",NA,NA,NA,NA,"Inferred","AT2G32830","AT2G32830,AT5G43360","Medtr1g043200,Medtr1g043220,Medtr1g043290,Medtr1g074930,Medtr3g082700","LOC_Os04g10690,LOC_Os04g10690","","GRMZM2G045473","Glyma.02G005800,Glyma.10G006700,Glyma.10G186500,Glyma.20G204000","","Sobic.006G027300,Sobic.006G027300","","GSVIVG01032651001"
"S.viridis","Sevir.3G153100",NA,"P",NA,NA,NA,NA,"Inferred","AT2G33770,LOC_Os05g48390","AT2G33770","Medtr2g013650,Medtr4g020620,Medtr4g088835","LOC_Os05g48390,LOC_Os05g48390","","GRMZM2G381709,GRMZM2G464572","Glyma.07G196500,Glyma.13G179600,Glyma.13G239100,Glyma.15G074200","Potri.004G043500,Potri.011G052600","Sobic.009G228100,Sobic.009G228100","","GSVIVG01005206001"
"S.viridis","Sevir.4G281800",NA,"Co,Ni",NA,NA,NA,NA,"Inferred","AT2G38460,AT5G03570","AT2G38460,AT5G03570","Medtr4g013240,Medtr4g013245","LOC_Os06g36450,LOC_Os06g36450","","GRMZM2G148060","Glyma.01G128300,Glyma.03G042400","Potri.016G128500,Potri.016G128600,Potri.T141700","Sobic.010G168400,Sobic.010G168400","","GSVIVG01030252001,GSVIVG01030250001"
"S.viridis","Sevir.9G238300",NA,"P",NA,NA,NA,NA,"Inferred","AT2G38940","AT2G38940","Medtr1g043200,Medtr1g043220,Medtr1g043290,Medtr1g074930,Medtr3g082700","LOC_Os10g30790,LOC_Os10g30790","","GRMZM2G154090,GRMZM2G326707","Glyma.02G005800,Glyma.10G006700,Glyma.10G186500,Glyma.20G204000","","Sobic.001G234800,Sobic.001G234800","","GSVIVG01032651001"
"S.viridis","Sevir.9G238400",NA,"P",NA,NA,NA,NA,"Inferred","AT2G38940","AT2G38940","","LOC_Os10g30770,LOC_Os10g30770","","","","","Sobic.001G234900,Sobic.001G234900","","GSVIVG01032651001"
"S.viridis","Sevir.9G542900",NA,"P",NA,NA,NA,NA,"Inferred","AT2G38940","AT2G38940","Medtr1g043200,Medtr1g043220,Medtr1g043290,Medtr1g074930,Medtr3g082700","LOC_Os03g05610,LOC_Os03g05610","","","Glyma.02G005800,Glyma.10G006700,Glyma.10G186500,Glyma.20G204000","","Sobic.001G502100,Sobic.001G502100","","GSVIVG01032651001"
"S.viridis","Sevir.3G220300",NA,"Mn",NA,NA,NA,NA,"Inferred","AT2G39450","AT2G39450","Medtr7g022890","","","","Glyma.02G095400,Glyma.18G286100","Potri.008G049600,Potri.010G211300","","","GSVIVG01016640001"
"S.viridis","Sevir.5G379500",NA,"Mn",NA,NA,NA,NA,"Inferred","AT2G39450","AT2G39450","Medtr7g022890","LOC_Os01g62070,LOC_Os01g62070","","GRMZM2G014454","Glyma.02G095400,Glyma.18G286100","Potri.008G049600,Potri.010G211300","Sobic.003G349200,Sobic.003G349200","","GSVIVG01016640001"
"S.viridis","Sevir.3G050000",NA,"Zn",NA,NA,NA,NA,"Inferred","AT2G46800","AT2G46800","Medtr2g036390,Medtr8g024240","LOC_Os05g03780,LOC_Os05g03780","","GRMZM2G477741","Glyma.07G049200,Glyma.16G017800","Potri.001G450900,Potri.002G180100,Potri.011G150600,Potri.014G106200","Sobic.009G029500,Sobic.009G029500","","GSVIVG01019690001"
"S.viridis","Sevir.3G347400",NA,"B",NA,NA,NA,NA,"Inferred","AT2G47160,AT3G62270,LOC_Os12g37840","AT2G47160,AT3G62270","Medtr7g110000","LOC_Os12g37840,LOC_Os12g37840","","GRMZM2G166159","Glyma.03G222300,Glyma.19G219500","Potri.008G100300","Sobic.008G132300,Sobic.008G132300","","GSVIVG01017647001,GSVIVG01028186001"
"S.viridis","Sevir.9G133900",NA,"P",NA,NA,NA,NA,"Inferred","AT3G01310,AT5G15070","AT3G01310,AT5G15070","Medtr6g011290,Medtr7g009060","LOC_Os03g48300,LOC_Os03g48300","","GRMZM2G057140","Glyma.09G241100,Glyma.13G065500,Glyma.18G255000,Glyma.19G019100","Potri.004G129900,Potri.017G076400","Sobic.001G132600,Sobic.001G132600","","GSVIVG01032598001"
"S.viridis","Sevir.1G292400",NA,"Na,K,Rb,Mg,Ca,Fe,Mo",NA,NA,NA,NA,"Inferred","AT3G06060","AT3G06060,AT5G19200","Medtr2g022600,Medtr3g098750","LOC_Os02g47350,LOC_Os02g47350","","GRMZM2G147701,GRMZM2G167431","Glyma.13G207200,Glyma.15G105400","Potri.010G191800","Sobic.004G269700,Sobic.004G269700","","GSVIVG01017907001"
"S.viridis","Sevir.6G025100",NA,"Mn",NA,NA,NA,NA,"Inferred","AT3G12750","AT3G12750","","LOC_Os08g10630,LOC_Os08g10630","","","","","Sobic.007G075700,Sobic.007G075700","",""
"S.viridis","Sevir.7G245900",NA,"Mn,Zn",NA,NA,NA,NA,"Inferred","AT3G12750,LOC_Os04g52310","AT3G12750","","LOC_Os04g52310,LOC_Os04g52310","","GRMZM2G045849","","","Sobic.006G212200,Sobic.006G212200","",""
"S.viridis","Sevir.3G034900",NA,"Mn,Fe,K,P",NA,NA,NA,NA,"Inferred","AT3G13320","AT1G55720,AT1G55730,AT3G13320","","LOC_Os04g55940,LOC_Os04g55940","","GRMZM2G040017,GRMZM2G143356","","","Sobic.006G245100,Sobic.006G245100","",""
"S.viridis","Sevir.9G379800",NA,"Mn,Fe,K,P",NA,NA,NA,NA,"Inferred","AT3G13320","AT1G55720,AT1G55730,AT3G13320","Medtr2g105640","LOC_Os03g27960,LOC_Os03g27960","","GRMZM2G046480,GRMZM2G053004","Glyma.13G372100,Glyma.15G001600","Potri.010G249200","Sobic.001G346500,Sobic.001G346500","","GSVIVG01016118001"
"S.viridis","Sevir.1G349900",NA,"S",NA,NA,NA,NA,"Inferred","AT3G14280","AT3G14280","","LOC_Os02g54180,LOC_Os02g54180","","","Glyma.03G263400,Glyma.07G045700,Glyma.16G013600,Glyma.19G262400","","Sobic.004G321500,Sobic.004G321500","","GSVIVG01016673001"
"S.viridis","Sevir.4G039500",NA,"S",NA,NA,NA,NA,"Inferred","AT3G14280","AT3G14280","","","","","Glyma.03G263400,Glyma.07G045700,Glyma.16G013600,Glyma.19G262400","","","","GSVIVG01016673001"
"S.viridis","Sevir.4G039600",NA,"S",NA,NA,NA,NA,"Inferred","AT3G14280","AT3G14280","","LOC_Os06g09350,LOC_Os06g09350","","GRMZM2G116881","Glyma.03G263400,Glyma.07G045700,Glyma.16G013600,Glyma.19G262400","","Sobic.010G071400,Sobic.010G071400","","GSVIVG01016673001"
"S.viridis","Sevir.3G014100",NA,"Na,Fe,Zn,Mn,Mo",NA,NA,NA,NA,"Inferred","AT3G15380","AT3G15380","Medtr2g079490,Medtr8g059125","LOC_Os04g58470,LOC_Os04g58504,LOC_Os04g58470,LOC_Os04g58504","","GRMZM2G051917","Glyma.06G246600,Glyma.12G150800,Glyma.12G223200,Glyma.13G278300","Potri.011G121100","Sobic.006G270400,Sobic.006G270400","","GSVIVG01014366001"
"S.viridis","Sevir.6G001500",NA,"Na,Fe,Zn,Mn,Mo",NA,NA,NA,NA,"Inferred","AT3G15380","AT3G15380","Medtr2g079490,Medtr8g059125","","","GRMZM2G125768","Glyma.06G246600,Glyma.12G150800,Glyma.12G223200,Glyma.13G278300","Potri.011G121100","Sobic.007G000700,Sobic.007G000700","","GSVIVG01014366001"
"S.viridis","Sevir.3G159900",NA,"Fe,Zn,Mn",NA,NA,NA,NA,"Inferred","AT3G18290","AT3G18290","Medtr6g083900,Medtr8g104410","","","","Glyma.05G237500,Glyma.07G093700,Glyma.08G044700,Glyma.09G182600","Potri.008G123300,Potri.010G122200,Potri.012G055100","Sobic.009G222200,Sobic.009G222200","","GSVIVG01008317001"
"S.viridis","Sevir.5G279700",NA,"Fe,Zn,Mn",NA,NA,NA,NA,"Inferred","AT3G18290","AT3G18290","Medtr6g083900,Medtr8g104410","LOC_Os01g49470,LOC_Os01g49470","","GRMZM2G175661","Glyma.05G237500,Glyma.07G093700,Glyma.08G044700,Glyma.09G182600","Potri.008G123300,Potri.010G122200,Potri.012G055100","Sobic.003G262200,Sobic.003G262200","","GSVIVG01008317001"
"S.viridis","Sevir.9G095300",NA,"S",NA,NA,NA,NA,"Inferred","AT3G22890","AT3G22890,AT4G14680,AT5G43780","Medtr1g102550","LOC_Os03g53230,LOC_Os03g53230","","GRMZM2G051270,GRMZM2G149952","Glyma.10G242600,Glyma.20G151500","Potri.008G159000,Potri.010G081200","Sobic.001G094300,Sobic.001G094300","",""
"S.viridis","Sevir.1G367100",NA,"P",NA,NA,NA,NA,"Inferred","AT3G23430,LOC_Os02g56510","AT3G23430","Medtr1g041695,Medtr1g075640","LOC_Os02g56510,LOC_Os02g56510","","GRMZM2G466545","Glyma.02G003700,Glyma.10G004800,Glyma.10G183300,Glyma.20G206900","Potri.008G169400,Potri.010G069000","Sobic.004G339800,Sobic.004G339800","","GSVIVG01027857001"
"S.viridis","Sevir.2G412100",NA,"Fe,Zn,Mn,Co",NA,NA,NA,NA,"Inferred","AT3G47640","AT3G47640","Medtr4g108360","","","GRMZM2G017145","Glyma.05G027600,Glyma.17G098900","Potri.003G074400,Potri.015G142700","Sobic.002G385300,Sobic.002G385300","","GSVIVG01008025001,GSVIVG01011386001"
"S.viridis","Sevir.8G189400",NA,"Fe,Zn,Mn,Co",NA,NA,NA,NA,"Inferred","AT3G47640","AT3G47640","","LOC_Os11g38870,LOC_Os11g38870","","GRMZM2G133675","","Potri.003G074400,Potri.015G142700","Sobic.005G177800,Sobic.005G177800","",""
"S.viridis","Sevir.9G389000",NA,"Fe,Zn,Mn,Co",NA,NA,NA,NA,"Inferred","AT3G47640","AT3G47640","Medtr4g108360","LOC_Os03g26210,LOC_Os03g26210","","GRMZM2G350312","Glyma.05G027600,Glyma.17G098900","Potri.003G074400,Potri.015G142700","Sobic.001G355600,Sobic.001G355600","","GSVIVG01008025001,GSVIVG01011386001"
"S.viridis","Sevir.2G071500",NA,"Na",NA,NA,NA,NA,"Inferred","AT3G47950","AT3G47950,AT5G62670","Medtr4g107500,Medtr6g011310","LOC_Os07g09340,LOC_Os07g09340","","GRMZM2G104325","Glyma.04G174800,Glyma.05G030700,Glyma.06G189900,Glyma.17G096100,Glyma.19G019200","Potri.012G071600,Potri.015G066000","Sobic.002G065000,Sobic.002G065000","",""
"S.viridis","Sevir.3G424800",NA,"Na",NA,NA,NA,NA,"Inferred","AT3G47950","AT3G47950,AT5G62670","Medtr4g107500,Medtr6g011310","LOC_Os12g44150,LOC_Os12g44150","","GRMZM2G035520","Glyma.04G174800,Glyma.05G030700,Glyma.06G189900,Glyma.17G096100,Glyma.19G019200","Potri.012G071600,Potri.015G066000","Sobic.008G190500,Sobic.008G190500","","GSVIVG01032599001,GSVIVG01008074001"
"S.viridis","Sevir.9G133800",NA,"Na",NA,NA,NA,NA,"Inferred","AT3G47950","AT3G47950,AT5G62670","Medtr4g107500,Medtr6g011310","","","","Glyma.04G174800,Glyma.05G030700,Glyma.06G189900,Glyma.17G096100,Glyma.19G019200","Potri.012G071600,Potri.015G066000","Sobic.001G132400,Sobic.001G132400","","GSVIVG01032599001,GSVIVG01008074001"
"S.viridis","Sevir.3G122500",NA,"P,K",NA,NA,NA,NA,"Inferred","AT3G51860","AT2G38170,AT3G51860","Medtr4g016720,Medtr5g070330","LOC_Os05g51610,LOC_Os05g51610","","GRMZM5G809587","Glyma.01G122800,Glyma.03G058300,Glyma.03G058500,Glyma.07G149600,Glyma.18G200500","Potri.001G251200,Potri.006G099900,Potri.009G045800,Potri.016G115500","Sobic.009G257800,Sobic.009G257800","","GSVIVG01033962001"
"S.viridis","Sevir.5G196600",NA,"P,K",NA,NA,NA,NA,"Inferred","AT3G51860","AT2G38170,AT3G51860","Medtr4g016720,Medtr5g070330","LOC_Os01g37690,LOC_Os01g37690","","GRMZM2G011592","Glyma.01G122800,Glyma.03G058300,Glyma.03G058500,Glyma.07G149600,Glyma.18G200500","Potri.001G251200,Potri.006G099900,Potri.009G045800,Potri.016G115500","","","GSVIVG01033962001"
"S.viridis","Sevir.9G537000",NA,"S",NA,NA,NA,NA,"Inferred","AT3G51895","AT3G51895","Medtr1g071530,Medtr7g095430","LOC_Os03g06520,LOC_Os03g06520","","GRMZM2G154211","Glyma.02G145100,Glyma.03G156700,Glyma.10G028900,Glyma.19G159000","Potri.002G049500,Potri.005G213500,Potri.008G156600,Potri.010G082700","Sobic.001G496800,Sobic.001G496800","","GSVIVG01001196001,GSVIVG01018027001,GSVIVG01018028001,GSVIVG01001198001"
"S.viridis","Sevir.5G462400",NA,"Fe",NA,NA,NA,NA,"Inferred","AT3G56970,AT3G56980","AT2G41240,AT3G56970,AT3G56980,AT5G04150","Medtr1g048710,Medtr1g048720,Medtr1g048750,Medtr7g090410","LOC_Os01g72370,LOC_Os01g72370","","GRMZM2G057413","Glyma.03G130400,Glyma.03G130600,Glyma.19G132500","Potri.006G037200,Potri.006G037600,Potri.016G037300","Sobic.003G428800,Sobic.003G428800","","GSVIVG01033618001,GSVIVG01027323001,GSVIVG01034621001"
"S.viridis","Sevir.9G473100",NA,"Fe",NA,NA,NA,NA,"Inferred","AT3G56970,AT3G56980","AT2G41240,AT3G56970,AT3G56980,AT5G04150","Medtr1g048710,Medtr1g048720,Medtr1g048750,Medtr7g090410","","","","Glyma.03G130400,Glyma.03G130600,Glyma.19G132500","Potri.006G037200,Potri.006G037600,Potri.016G037300","","","GSVIVG01033618001,GSVIVG01027323001,GSVIVG01034621001"
"S.viridis","Sevir.1G343700",NA,"Mn",NA,NA,NA,NA,"Inferred","AT3G58060,LOC_Os02g53490","AT3G58060","","LOC_Os02g53490,LOC_Os02g53490","","GRMZM5G862882","","Potri.001G010100,Potri.001G010200","Sobic.004G315400,Sobic.004G315400","",""
"S.viridis","Sevir.9G482200",NA,"Mn",NA,NA,NA,NA,"Inferred","AT3G58060,LOC_Os03g12530","AT3G58060","Medtr3g062610,Medtr5g075680","LOC_Os03g12530,LOC_Os03g12530","","GRMZM2G118497","Glyma.03G146700","Potri.001G010300,Potri.003G215600","Sobic.001G445000,Sobic.001G445000","","GSVIVG01025383001"
"S.viridis","Sevir.9G341300",NA,"Mg",NA,NA,NA,NA,"Inferred","AT3G58970","AT3G58970","Medtr8g088670","LOC_Os10g39790,LOC_Os10g39790","","GRMZM2G453832","Glyma.05G168200,Glyma.08G126600","Potri.006G081700","Sobic.001G309400,Sobic.001G309400","","GSVIVG01022826001"
"S.viridis","Sevir.9G265300",NA,"Fe",NA,NA,NA,NA,"Inferred","AT4G02780","AT4G02780","Medtr7g011663,Medtr7g011770,Medtr7g094970","LOC_Os02g17780,LOC_Os02g17780","","GRMZM2G081554","Glyma.03G154400,Glyma.03G154700,Glyma.19G157000","Potri.002G052100,Potri.005G210300","Sobic.001G248600,Sobic.001G248600","","GSVIVG01001155001,GSVIVG01001153001"
"S.viridis","Sevir.9G357500",NA,"Fe",NA,NA,NA,NA,"Inferred","AT4G02780","AT4G02780","Medtr7g011663,Medtr7g011770,Medtr7g094970","","","GRMZM2G044481","Glyma.03G154400,Glyma.03G154700,Glyma.19G157000","Potri.002G052100,Potri.005G210300","","","GSVIVG01001155001,GSVIVG01001153001"
"S.viridis","Sevir.1G067600",NA,"Na",NA,NA,NA,NA,"Inferred","AT4G10310","AT4G10310","Medtr6g092820,Medtr6g092840,Medtr6g092940","LOC_Os02g07830,LOC_Os02g07830","","","Glyma.01G002300,Glyma.06G271600,Glyma.07G130100,Glyma.12G133400","","Sobic.004G059800,Sobic.004G059800","","GSVIVG01010937001"
"S.viridis","Sevir.9G193400",NA,"B",NA,NA,NA,NA,"Inferred","AT4G10380,GRMZM2G176209","AT4G10380","Medtr1g097840","LOC_Os10g36924,LOC_Os10g36924","","GRMZM2G176209","Glyma.10G221100,Glyma.20G170400","Potri.001G455000,Potri.011G146900","Sobic.001G195800,Sobic.001G195800","","GSVIVG01019729001"
"S.viridis","Sevir.5G446100",NA,"Rb,Cs,K",NA,NA,NA,NA,"Inferred","AT4G13420,GRMZM2G084779","AT4G13420","Medtr4g099260,Medtr8g022130,Medtr8g088200","LOC_Os01g70490,LOC_Os01g70490","","GRMZM2G084779","Glyma.03G264100,Glyma.07G042500,Glyma.19G263100","Potri.001G045200,Potri.001G069600,Potri.T133800,Potri.T134000","Sobic.003G413600,Sobic.003G413600","","GSVIVG01011951001"
"S.viridis","Sevir.9G088600",NA,"Fe,Cd",NA,NA,NA,NA,"Inferred","AT4G16370","AT4G16370","Medtr4g133968","LOC_Os03g54000,LOC_Os03g54000","","GRMZM2G421491","Glyma.07G267800,Glyma.17G006100","Potri.006G006000,Potri.016G006500","Sobic.001G087700,Sobic.001G087700","","GSVIVG01005133001"
"S.viridis","Sevir.1G025500",NA,"Al,As",NA,NA,NA,NA,"Inferred","AT4G18910,LOC_Os02g13870","AT4G18910,AT4G19030","Medtr2g017570,Medtr2g017590,Medtr2g017610,Medtr2g017620,Medtr2g017660,Medtr8g087710,Medtr8g087720","LOC_Os02g13870,LOC_Os02g13870","","GRMZM2G041980","Glyma.05G162600,Glyma.08G120100,Glyma.08G120200,Glyma.13G224900,Glyma.15G087300","","Sobic.004G102200,Sobic.004G102200","","GSVIVG01021274001"
"S.viridis","Sevir.3G074900",NA,"Al",NA,NA,NA,NA,"Inferred","AT4G18910","AT4G18910,AT4G19030","Medtr2g017570,Medtr2g017590,Medtr2g017610,Medtr2g017620,Medtr2g017660,Medtr8g087710,Medtr8g087720","LOC_Os05g11560,LOC_Os05g11560","","GRMZM2G126582","Glyma.05G162600,Glyma.08G120100,Glyma.08G120200,Glyma.13G224900,Glyma.15G087300","Potri.004G063000,Potri.011G072100","Sobic.009G075900,Sobic.009G075900","",""
"S.viridis","Sevir.9G144700",NA,"Fe,Mn,Co,Cd,Zn",NA,NA,NA,NA,"Inferred","AT4G19690","AT1G31260,AT4G19690","Medtr8g105030","LOC_Os03g46470,LOC_Os03g46470","","GRMZM2G118821","Glyma.02G126000","Potri.010G134300,Potri.010G135400","Sobic.001G142800,Sobic.001G142800","","GSVIVG01026252001"
"S.viridis","Sevir.9G144800",NA,"Fe,Mn,Co,Cd,Zn",NA,NA,NA,NA,"Inferred","AT4G19690","AT1G31260,AT4G19690","Medtr8g105030","","","","Glyma.02G126000","Potri.010G134300,Potri.010G135400","Sobic.001G142900,Sobic.001G156800,Sobic.001G142900,Sobic.001G156800","","GSVIVG01026252001"
"S.viridis","Sevir.3G050100",NA,"Cd,As",NA,NA,NA,NA,"Inferred","AT4G23100","AT4G23100","Medtr8g098350","LOC_Os05g03820,LOC_Os07g27790,LOC_Os05g03820,LOC_Os07g27790","","GRMZM2G020096,GRMZM2G111579","Glyma.05G207600,Glyma.08G014300","Potri.001G104500,Potri.003G126900","Sobic.009G029600,Sobic.009G029600","","GSVIVG01019757001"
"S.viridis","Sevir.2G125000",NA,"P",NA,NA,NA,NA,"Inferred","AT4G28610","AT2G20400,AT4G28610","Medtr7g098250","LOC_Os07g25710,LOC_Os07g25710","","GRMZM2G162409","Glyma.03G166400,Glyma.10G039700,Glyma.13G126200,Glyma.19G167500","","Sobic.002G121600,Sobic.002G121600","",""
"S.viridis","Sevir.9G420400",NA,"P",NA,NA,NA,NA,"Inferred","AT4G28610,LOC_Os03g21240","AT2G20400,AT4G28610","","LOC_Os03g21240,LOC_Os03g21240","","GRMZM2G006477","Glyma.03G166400,Glyma.10G039700,Glyma.13G126200,Glyma.19G167500","Potri.002G257800,Potri.013G048000,Potri.019G020900","Sobic.001G384300,Sobic.001G384300","","GSVIVG01023401001,GSVIVG01028403001"
"S.viridis","Sevir.5G210300",NA,"K",NA,NA,NA,NA,"Inferred","AT4G33000","AT4G33000","Medtr1g016430","LOC_Os01g39770,LOC_Os01g39770","","GRMZM2G116584","Glyma.07G010800,Glyma.08G194000","Potri.006G230200","Sobic.003G196400,Sobic.003G196400","","GSVIVG01035369001,GSVIVG01035370001"
"S.viridis","Sevir.4G265200",NA,"Zn",NA,NA,NA,NA,"Inferred","AT4G37270","AT4G37270","Medtr4g094985","LOC_Os06g47550,LOC_Os06g47550","","GRMZM2G067853","Glyma.05G098800,Glyma.17G166800","Potri.007G049000","Sobic.010G240500,Sobic.010G240500","","GSVIVG01000217001"
"S.viridis","Sevir.6G149500",NA,"As,P",NA,NA,NA,NA,"Inferred","AT5G03455","AT5G03455","Medtr7g102310","","","GRMZM2G011520","Glyma.19G185200","Potri.006G122700","","","GSVIVG01033661001"
"S.viridis","Sevir.9G340600",NA,"As,P",NA,NA,NA,NA,"Inferred","AT5G03455","AT5G03455","Medtr7g102310","","","GRMZM2G011520","Glyma.19G185200","Potri.006G122700","Sobic.001G308800,Sobic.001G308800","","GSVIVG01033661001"
"S.viridis","Sevir.9G577800",NA,"As,P",NA,NA,NA,NA,"Inferred","AT5G03455","AT5G03455","Medtr7g102310","LOC_Os03g01770,LOC_Os03g01770","","","Glyma.19G185200","Potri.006G122700","Sobic.001G538600,Sobic.001G538600","","GSVIVG01033661001"
"S.viridis","Sevir.3G091300",NA,"Zn,Fe",NA,NA,NA,NA,"Inferred","AT5G13740","AT5G13740,AT5G13750","Medtr3g010820,Medtr3g010850,Medtr3g086440,Medtr8g042770,Medtr8g042780,Medtr8g042870,Medtr8g062990","LOC_Os11g04020,LOC_Os11g04020","","","Glyma.04G124800,Glyma.06G313500,Glyma.06G313600,Glyma.06G313700,Glyma.13G186400,Glyma.13G186500,Glyma.13G186600,Glyma.13G186700,Glyma.15G224200","Potri.006G026200,Potri.008G010600,Potri.009G021700,Potri.016G024400","Sobic.008G084800,Sobic.008G084800","","GSVIVG01027391001,GSVIVG01027385001,GSVIVG01025827001,GSVIVG01027394001"
"S.viridis","Sevir.7G322400",NA,"Zn,Fe",NA,NA,NA,NA,"Inferred","AT5G13740,LOC_Os12g03899","AT5G13740,AT5G13750","Medtr3g010820,Medtr3g010850,Medtr3g086440,Medtr8g042770,Medtr8g042780,Medtr8g042870,Medtr8g062990","LOC_Os11g04104,LOC_Os12g03899,LOC_Os11g04104,LOC_Os12g03899","","GRMZM2G115658,GRMZM2G336448","Glyma.04G124800,Glyma.06G313500,Glyma.06G313600,Glyma.06G313700,Glyma.13G186400,Glyma.13G186500,Glyma.13G186600,Glyma.13G186700,Glyma.15G224200","Potri.006G026200,Potri.008G010600,Potri.009G021700,Potri.016G024400","Sobic.005G024800,Sobic.005G024800","","GSVIVG01027391001,GSVIVG01027385001,GSVIVG01025827001,GSVIVG01027394001"
"S.viridis","Sevir.8G023200",NA,"Zn,Fe",NA,NA,NA,NA,"Inferred","AT5G13740","AT5G13740,AT5G13750","Medtr3g010820,Medtr3g010850,Medtr3g086440,Medtr8g042770,Medtr8g042780,Medtr8g042870,Medtr8g062990","LOC_Os11g04030,LOC_Os12g03860,LOC_Os11g04030,LOC_Os12g03860","","GRMZM5G877788","Glyma.04G124800,Glyma.06G313500,Glyma.06G313600,Glyma.06G313700,Glyma.13G186400,Glyma.13G186500,Glyma.13G186600,Glyma.13G186700,Glyma.15G224200","Potri.006G026200,Potri.008G010600,Potri.009G021700,Potri.016G024400","Sobic.005G024700,Sobic.005G024700","","GSVIVG01027391001,GSVIVG01027385001,GSVIVG01025827001,GSVIVG01027394001"
"S.viridis","Sevir.8G023400",NA,"Zn,Fe",NA,NA,NA,NA,"Inferred","AT5G13740,LOC_Os12g03899","AT5G13740,AT5G13750","Medtr3g010820,Medtr3g010850,Medtr3g086440,Medtr8g042770,Medtr8g042780,Medtr8g042870,Medtr8g062990","LOC_Os11g04104,LOC_Os12g03899,LOC_Os11g04104,LOC_Os12g03899","","GRMZM2G115658,GRMZM2G336448","Glyma.04G124800,Glyma.06G313500,Glyma.06G313600,Glyma.06G313700,Glyma.13G186400,Glyma.13G186500,Glyma.13G186600,Glyma.13G186700,Glyma.15G224200","Potri.006G026200,Potri.008G010600,Potri.009G021700,Potri.016G024400","Sobic.005G024800,Sobic.005G024800","","GSVIVG01027391001,GSVIVG01027385001,GSVIVG01025827001,GSVIVG01027394001"
"S.viridis","Sevir.8G071400",NA,"Zn,Fe",NA,NA,NA,NA,"Inferred","AT5G13740","AT5G13740,AT5G13750","Medtr3g010820,Medtr3g010850,Medtr3g086440,Medtr8g042770,Medtr8g042780,Medtr8g042870,Medtr8g062990","","","","Glyma.04G124800,Glyma.06G313500,Glyma.06G313600,Glyma.06G313700,Glyma.13G186400,Glyma.13G186500,Glyma.13G186600,Glyma.13G186700,Glyma.15G224200","Potri.006G026200,Potri.008G010600,Potri.009G021700,Potri.016G024400","Sobic.005G097900,Sobic.005G097900","","GSVIVG01027391001,GSVIVG01027385001,GSVIVG01025827001,GSVIVG01027394001"
"S.viridis","Sevir.9G083800",NA,"Ca,Mg",NA,NA,NA,NA,"Inferred","AT5G15410","AT5G15410","Medtr7g012260","LOC_Os03g55100,LOC_Os03g55100","","GRMZM2G074317","Glyma.08G241600,Glyma.18G263900","Potri.017G089800,Potri.017G089900","Sobic.001G083800,Sobic.001G083800","","GSVIVG01011487001"
"S.viridis","Sevir.1G112000",NA,"Fe,Mn,Zn",NA,NA,NA,NA,"Inferred","AT5G17290","AT5G17290","Medtr5g076920","LOC_Os02g02570,LOC_Os02g02570","","GRMZM2G098420","Glyma.02G240700,Glyma.14G210200","Potri.017G139700","Sobic.004G013600,Sobic.004G013600","","GSVIVG01013049001"
"S.viridis","Sevir.3G251900",NA,"Cu",NA,NA,NA,NA,"Inferred","AT5G18830","AT5G18830","Medtr2g020620","LOC_Os05g33810,LOC_Os05g33810","","GRMZM2G109354","Glyma.13G213400,Glyma.15G099400","Potri.008G197000,Potri.010G026200","Sobic.009G135000,Sobic.009G135000","","GSVIVG01017835001"
"S.viridis","Sevir.2G228000",NA,"Cu",NA,NA,NA,NA,"Inferred","AT5G20650","AT5G20650","Medtr1g015000,Medtr3g105330","LOC_Os09g26900,LOC_Os09g26900","","GRMZM2G003179","Glyma.04G057000,Glyma.06G057400,Glyma.14G107100,Glyma.17G219400","Potri.006G219200","Sobic.001G353200,Sobic.001G353200","","GSVIVG01015065001"
"S.viridis","Sevir.4G231900",NA,"Na",NA,NA,NA,NA,"Inferred","AT5G35410","AT5G35410","Medtr4g114670","LOC_Os06g40370,LOC_Os06g40370","","GRMZM2G137569","Glyma.13G166100,Glyma.17G113700","Potri.006G068400,Potri.018G130500","Sobic.010G186300,Sobic.010G186300","","GSVIVG01015549001"
"S.viridis","Sevir.5G470600",NA,"Fe",NA,NA,NA,NA,"Inferred","AT5G42130","AT5G42130","Medtr6g034515","LOC_Os01g73420,LOC_Os01g73420","","GRMZM2G047457","Glyma.02G084300","Potri.005G189600","Sobic.003G439100,Sobic.003G439100","","GSVIVG01001666001"
"S.viridis","Sevir.5G144600",NA,"Zn,Cd,As",NA,NA,NA,NA,"Inferred","AT5G44070","AT1G03980,AT5G44070","Medtr7g097190","","","","Glyma.03G165000,Glyma.19G166400","Potri.014G195800,Potri.014G195900","","","GSVIVG01028369001"
"S.viridis","Sevir.5G144700",NA,"Zn,Cd,As",NA,NA,NA,NA,"Inferred","AT5G44070,LOC_Os06g01260","AT1G03980,AT5G44070","Medtr7g097190","LOC_Os06g01260,LOC_Os06g01260","","GRMZM2G091228","Glyma.03G165000,Glyma.19G166400","Potri.014G195800,Potri.014G195900","Sobic.003G024200,Sobic.003G024200","","GSVIVG01028369001"
"S.viridis","Sevir.1G014200",NA,"Pb",NA,NA,NA,NA,"Inferred","AT5G53130","AT5G53130","Medtr1g028370,Medtr3g091080","","","GRMZM2G148118","Glyma.04G237400,Glyma.06G126600,Glyma.14G161600","Potri.012G002200,Potri.015G019100","Sobic.004G113400,Sobic.004G113400","","GSVIVG01028711001"
"S.viridis","Sevir.4G136300",NA,"Pb",NA,NA,NA,NA,"Inferred","AT5G53130","AT5G53130","Medtr1g028370,Medtr3g091080","LOC_Os06g33570,LOC_Os06g33570","","","Glyma.04G237400,Glyma.06G126600,Glyma.14G161600","Potri.012G002200,Potri.015G019100","Sobic.010G153700,Sobic.010G153700","","GSVIVG01028711001"
"S.viridis","Sevir.7G195100",NA,"Fe,Zn,Cu",NA,NA,NA,NA,"Inferred","AT5G53550,LOC_Os04g45860","AT5G24380,AT5G53550","Medtr0312s0020,Medtr1g007540,Medtr1g007580,Medtr3g092090","LOC_Os04g45860,LOC_Os04g45860","","GRMZM2G051179","Glyma.04G231900,Glyma.06G133000,Glyma.17G191300","Potri.012G024700","Sobic.006G164200,Sobic.006G164200","","GSVIVG01019645001,GSVIVG01019646001"
"S.viridis","Sevir.7G195200",NA,"Fe,Zn,Cu",NA,NA,NA,NA,"Inferred","AT5G53550,LOC_Os04g45900","AT5G24380,AT5G53550","","LOC_Os04g45900,LOC_Os04g45900","","GRMZM2G026391","","","Sobic.006G164300,Sobic.006G164300","","GSVIVG01019645001,GSVIVG01019646001"
"S.viridis","Sevir.2G352900",NA,"Cd,Co,Fe,Mn,Zn",NA,NA,NA,NA,"Inferred","AT5G54680","AT1G51070,AT5G54680","Medtr2g082640","LOC_Os07g35870,LOC_Os07g35870","","GRMZM2G058451","","Potri.001G416600,Potri.004G031800,Potri.011G031000,Potri.011G132400","Sobic.002G329300,Sobic.002G329300","","GSVIVG01014589001"
"S.viridis","Sevir.6G068300",NA,"Cd,Co,Fe,Mn,Zn",NA,NA,NA,NA,"Inferred","AT5G54680,LOC_Os08g04390","AT1G51070,AT5G54680","Medtr4g081370","LOC_Os08g04390,LOC_Os08g04390","","GRMZM2G017586,GRMZM2G093744","Glyma.06G266800,Glyma.12G136300,Glyma.12G214900,Glyma.13G286700,Glyma.13G305500,Glyma.15G063000","Potri.001G416600,Potri.004G031800,Potri.011G031000,Potri.011G132400","Sobic.007G033800,Sobic.007G033800","","GSVIVG01030640001,GSVIVG01007339001"
"S.viridis","Sevir.6G072000",NA,"Cd",NA,NA,NA,NA,"Inferred","AT5G54810","AT4G27070,AT5G54810","Medtr3g049410,Medtr3g051120","LOC_Os08g04180,LOC_Os08g04180","","GRMZM2G005024,GRMZM2G169593","Glyma.08G312300,Glyma.18G102800","Potri.001G420300,Potri.011G136000","Sobic.007G032000,Sobic.007G032000","","GSVIVG01001997001"
"S.viridis","Sevir.6G105000",NA,"Li,B,Na,Mg,K,Ca,Mn,Fe,Co,Ni,Cu,Zn,Rb,Sr,Mo,Cd",NA,NA,NA,NA,"Inferred","AT5G57620","AT5G57620","Medtr4g128670","LOC_Os08g15020,LOC_Os08g15020","","GRMZM2G011422","","","Sobic.007G092300,Sobic.007G092300","","GSVIVG01029145001"
"S.viridis","Sevir.5G337200",NA,"Cu",NA,NA,NA,NA,"Inferred","AT5G59030","AT2G26975,AT3G46900,AT5G59030,AT5G59040","Medtr4g064963,Medtr4g065123,Medtr4g065660,Medtr7g066070","LOC_Os01g56420,LOC_Os01g56420","","","Glyma.07G141200,Glyma.07G141600,Glyma.11G134700,Glyma.18G191300,Glyma.18G191900","Potri.001G246000,Potri.006G093300,Potri.009G038700,Potri.009G038800","Sobic.003G310200,Sobic.003G310200","","GSVIVG01024839001,GSVIVG01024838001,GSVIVG01024841001"
"S.viridis","Sevir.5G337400",NA,"Cu",NA,NA,NA,NA,"Inferred","AT5G59030","AT2G26975,AT3G46900,AT5G59030,AT5G59040","Medtr4g064963,Medtr4g065123,Medtr4g065660,Medtr7g066070","LOC_Os01g56420,LOC_Os01g56420","","GRMZM2G042412","Glyma.07G141200,Glyma.07G141600,Glyma.11G134700,Glyma.18G191300,Glyma.18G191900","Potri.001G246000,Potri.006G093300,Potri.009G038700,Potri.009G038800","Sobic.003G310200,Sobic.003G310200","","GSVIVG01024839001,GSVIVG01024838001,GSVIVG01024841001"
"S.viridis","Sevir.1G340900",NA,"K",NA,NA,NA,NA,"Inferred","AT5G64930","AT5G64930","Medtr3g094760","LOC_Os02g53070,LOC_Os02g53070","","GRMZM2G158811","Glyma.06G145800","Potri.005G083600,Potri.007G082100","Sobic.004G312100,Sobic.004G312100","","GSVIVG01022215001"
"S.viridis","Sevir.5G434600",NA,"K",NA,NA,NA,NA,"Inferred","AT5G64930","AT5G64930","Medtr3g094760","LOC_Os01g68970,LOC_Os01g68970","","GRMZM2G032447","Glyma.06G145800","Potri.005G083600,Potri.007G082100","Sobic.003G402900,Sobic.003G402900","","GSVIVG01022215001"
"S.viridis","Sevir.2G103000",NA,"Fe,Mn,Cd",NA,NA,NA,NA,"Inferred","Medtr3g088460,LOC_Os07g15370","","Medtr3g088440,Medtr3g088460","LOC_Os07g15370,LOC_Os07g15370","","GRMZM2G147560","Glyma.06G115800","Potri.002G080400,Potri.002G080500,Potri.005G181000,Potri.005G181100","Sobic.002G095400,Sobic.002G095400","","GSVIVG01008829001,GSVIVG01008827001"
"S.viridis","Sevir.5G086900",NA,"Mn",NA,NA,NA,NA,"Inferred","LOC_Os01g03914","AT1G16310,AT1G79520","Medtr2g064405,Medtr3g080090,Medtr8g046550","LOC_Os01g03914,LOC_Os01g03914","","AC182482.3_FG003","Glyma.08G164800,Glyma.09G099500,Glyma.15G262300,Glyma.15G262400","Potri.008G083600,Potri.010G172700,Potri.010G172800,Potri.010G172900","Sobic.003G086300,Sobic.003G086300","","GSVIVG01026116001,GSVIVG01036746001"
"S.viridis","Sevir.5G023200",NA,"Na",NA,NA,NA,NA,"Inferred","LOC_Os01g20160,GRMZM2G047616","","","LOC_Os01g20160,LOC_Os01g20160","","GRMZM2G047616","Glyma.01G002300,Glyma.06G271600,Glyma.07G130100,Glyma.12G133400","Potri.018G132200","Sobic.003G145800,Sobic.003G145800","","GSVIVG01010922001,GSVIVG01010919001,GSVIVG01010921001"
"S.viridis","Sevir.5G195200",NA,"Na",NA,NA,NA,NA,"Inferred","LOC_Os01g20160,GRMZM2G047616","","","LOC_Os01g20160,LOC_Os01g20160","","GRMZM2G047616","Glyma.01G002300,Glyma.06G271600,Glyma.07G130100,Glyma.12G133400","Potri.018G132200","Sobic.003G145800,Sobic.003G145800","","GSVIVG01010922001,GSVIVG01010919001,GSVIVG01010921001"
"S.viridis","Sevir.5G252300",NA,"K",NA,NA,NA,NA,"Inferred","LOC_Os01g45990","AT2G26650","Medtr4g113530","LOC_Os01g45990,LOC_Os01g45990","","GRMZM2G171279","Glyma.05G010600,Glyma.17G118300","Potri.006G154600,Potri.018G071400","Sobic.003G237900,Sobic.003G237900","","GSVIVG01035801001,GSVIVG01015479001"
"S.viridis","Sevir.5G395800",NA,"Fe",NA,NA,NA,NA,"Inferred","LOC_Os01g64250","AT3G54290","Medtr1g050385,Medtr1g111960","LOC_Os01g64250,LOC_Os01g64250","","GRMZM2G141647","Glyma.10G111100,Glyma.10G278400,Glyma.20G111300","Potri.008G019700,Potri.010G239700","Sobic.003G364900,Sobic.003G364900","","GSVIVG01010724001"
"S.viridis","Sevir.5G400300",NA,"Mg,Na",NA,NA,NA,NA,"Inferred","LOC_Os01g64890","AT3G19640","","LOC_Os01g64890,LOC_Os01g64890","","","","","Sobic.003G369600,Sobic.003G369600","",""
"S.viridis","Sevir.1G097200",NA,"Al",NA,NA,NA,NA,"Inferred","LOC_Os02g03900","","","LOC_Os02g03900,LOC_Os02g03900","","GRMZM2G168747","","","Sobic.004G029900,Sobic.004G029900","",""
"S.viridis","Sevir.1G080600",NA,"As",NA,NA,NA,NA,"Inferred","LOC_Os02g06290","","","LOC_Os02g06290,LOC_Os02g06290","","GRMZM2G303374","","","Sobic.004G046400,Sobic.004G046400","","GSVIVG01018760001"
"S.viridis","Sevir.1G048900",NA,"Cu",NA,NA,NA,NA,"Inferred","LOC_Os02g10290","","Medtr8g012390","LOC_Os02g10290,LOC_Os02g10290","","GRMZM2G029951","Glyma.03G086000,Glyma.16G088300","Potri.001G019100","Sobic.004G079900,Sobic.004G079900","","GSVIVG01025299001"
"S.viridis","Sevir.1G258400",NA,"Fe,Mn",NA,NA,NA,NA,"Inferred","LOC_Os02g43370","","","LOC_Os02g43370,LOC_Os02g43370","","","","","","",""
"S.viridis","Sevir.1G258600",NA,"Fe",NA,NA,NA,NA,"Inferred","LOC_Os02g43410","","","LOC_Os02g43410,LOC_Os02g43410","","GRMZM2G156599","","","Sobic.004G299500,Sobic.004G299500","",""
"S.viridis","Sevir.1G325000",NA,"Se",NA,NA,NA,NA,"Inferred","LOC_Os02g51110","","Medtr7g010650","LOC_Os02g51110,LOC_Os02g51110","","GRMZM2G028325","Glyma.09G238200,Glyma.18G259500","Potri.017G083300","Sobic.004G238100,Sobic.004G238100","","GSVIVG01011407001"
"S.viridis","Sevir.9G542800",NA,"Se",NA,NA,NA,NA,"Inferred","LOC_Os03g05640","","Medtr1g043200,Medtr1g043220,Medtr1g043290,Medtr1g074930,Medtr3g082700","LOC_Os03g05620,LOC_Os03g05640,LOC_Os03g05620,LOC_Os03g05640","","GRMZM2G070087","","","Sobic.001G502000,Sobic.001G502000","","GSVIVG01032651001"
"S.viridis","Sevir.9G514000",NA,"Fe,Zn",NA,NA,NA,NA,"Inferred","LOC_Os03g09140","","","LOC_Os03g09140,LOC_Os03g09140","","AC166636.1_FG008","","","Sobic.001G474200,Sobic.001G474200","",""
"S.viridis","Sevir.9G441600",NA,"Fe",NA,NA,NA,NA,"Inferred","LOC_Os03g18550","AT1G07030,AT2G30160","Medtr5g073040","LOC_Os03g18550,LOC_Os03g18550","","GRMZM2G032182,GRMZM2G053908","Glyma.02G231200,Glyma.14G198800","Potri.001G282400,Potri.009G077600,Potri.016G125200","Sobic.001G403700,Sobic.001G403700","","GSVIVG01024642001"
"S.viridis","Sevir.7G089700",NA,"Cs",NA,NA,NA,NA,"Inferred","LOC_Os04g32920","","","LOC_Os04g32920,LOC_Os04g32920","","GRMZM2G093826","","","Sobic.006G061300,Sobic.006G061300","",""
"S.viridis","Sevir.7G090200",NA,"Cs",NA,NA,NA,NA,"Inferred","LOC_Os04g32920","","","LOC_Os04g32920,LOC_Os04g32920","","","","","","",""
"S.viridis","Sevir.7G224300",NA,"Al",NA,NA,NA,NA,"Inferred","LOC_Os04g49410","AT3G03220","Medtr3g064510,Medtr5g076950","LOC_Os04g49410,LOC_Os04g49410","","GRMZM2G072121,GRMZM2G120724","Glyma.02G240900,Glyma.14G210500,Glyma.18G044100","Potri.004G080200,Potri.017G140000","Sobic.006G191700,Sobic.006G191700","",""
"S.viridis","Sevir.3G228500",NA,"Al",NA,NA,NA,NA,"Inferred","LOC_Os05g37470","","Medtr4g415390,Medtr7g067450","LOC_Os05g37470,LOC_Os05g37470","","GRMZM2G067022","Glyma.01G114000,Glyma.03G063600,Glyma.03G063900,Glyma.07G147000,Glyma.18G198400","Potri.008G066400,Potri.010G191000","Sobic.009G156600,Sobic.009G156600","","GSVIVG01033986001,GSVIVG01032855001"
"S.viridis","Sevir.3G213300",NA,"Zn",NA,NA,NA,NA,"Inferred","LOC_Os05g39560","AT1G05300,AT2G32270","Medtr3g081580,Medtr3g081640,Medtr3g081690,Medtr3g082050","LOC_Os05g39560,LOC_Os05g39560","","GRMZM2G047762","Glyma.08G164400,Glyma.15G262800","Potri.006G006600,Potri.006G006800,Potri.008G083100,Potri.010G173300","Sobic.009G170500,Sobic.009G170500","","GSVIVG01012141001"
"S.viridis","Sevir.4G031300",NA,"P",NA,NA,NA,NA,"Inferred","LOC_Os06g05160","AT3G15990","Medtr2g102243,Medtr4g011970","LOC_Os06g05160,LOC_Os06g05160","","GRMZM2G444801","Glyma.07G006500,Glyma.08G207100,Glyma.13G360000,Glyma.15G014000","Potri.001G179400,Potri.003G056200","Sobic.010G033800,Sobic.010G033800","","GSVIVG01017118001,GSVIVG01015412001"
"S.viridis","Sevir.8G124600",NA,"K",NA,NA,NA,NA,"Inferred","LOC_Os07g01810","AT5G55630","Medtr5g095650","LOC_Os07g01810,LOC_Os07g01810","","GRMZM2G351347","Glyma.02G299700,Glyma.14G014100","Potri.001G366800,Potri.008G004600,Potri.008G004700,Potri.016G007200","Sobic.005G114000,Sobic.005G114000","","GSVIVG01003486001,GSVIVG01014661001,GSVIVG01003490001"
"S.viridis","Sevir.2G068500",NA,"P",NA,NA,NA,NA,"Inferred","LOC_Os07g09000","AT3G52190","Medtr1g090873","LOC_Os07g09000,LOC_Os07g09000","","GRMZM2G158489","Glyma.10G200200,Glyma.20G190300","Potri.008G029200,Potri.010G232400","Sobic.002G060900,Sobic.002G060900","","GSVIVG01034664001"
"S.viridis","Sevir.2G092800",NA,"Cd",NA,NA,NA,NA,"Inferred","LOC_Os07g12900","","","LOC_Os07g12900,LOC_Os07g12900","","GRMZM2G175576","Glyma.09G055600,Glyma.13G099600,Glyma.17G060400","","Sobic.002G083000,Sobic.002G083000","",""
"S.viridis","Sevir.2G093100",NA,"Cd",NA,NA,NA,NA,"Inferred","LOC_Os07g12900","","Medtr4g127580","LOC_Os07g12900,LOC_Os07g12900","","AC205008.4_FG002,GRMZM2G455491","Glyma.09G055600,Glyma.13G099600,Glyma.17G060400","","Sobic.002G083100,Sobic.002G083100","",""
"S.viridis","Sevir.6G060000",NA,"As",NA,NA,NA,NA,"Inferred","LOC_Os08g05590","","","LOC_Os08g05590,LOC_Os08g05590","","","","","Sobic.007G039600,Sobic.007G039600","",""
"S.viridis","Sevir.9G479900",NA,"Fe",NA,NA,NA,NA,"Inferred","GRMZM2G060952","AT1G59950,AT1G59960","Medtr4g072320,Medtr4g072350,Medtr4g072360,Medtr6g073110","LOC_Os03g13390,LOC_Os03g13390","","GRMZM2G060952","Glyma.15G189300,Glyma.16G219500,Glyma.20G031100","Potri.008G193100","Sobic.001G443100,Sobic.001G443100","","GSVIVG01011583001,GSVIVG01011585001,GSVIVG01011582001"
