"Species","GeneID","GeneName","Elements","Citation(s) - DOI only","Closest species orthologs","Tissue","Comments","Primary/Inferred","Inferred from?","A.thaliana orthologs","M.truncatula orthologs","O.sativa orthologs","T.aestivum orthologs","G.max orthologs","P.trichocarpa orthologs","S.bicolor orthologs","S.italica orthologs","S.viridis orthologs","V.vinifera orthologs"
"Z.mays","GRMZM2G047616","ZmHKT1","Na","10.1111/nph.14882",NA,"Leaf","Also MRS2-7","Primary/Inferred","AT4G10310,LOC_Os01g20160,Traes_4DL_3F8034BFD","AT4G10310","Medtr6g092820,Medtr6g092840,Medtr6g092940","LOC_Os01g20160","Traes_4DL_3F8034BFD","Glyma.01G002300,Glyma.06G271600,Glyma.07G130100,Glyma.12G133400","Potri.018G132200","Sobic.003G145800","Seita.5G024400,Seita.5G192900","Sevir.5G023200,Sevir.5G195200","GSVIVG01010922001,GSVIVG01010919001,GSVIVG01010937001,GSVIVG01010921001"
"Z.mays","GRMZM2G060952","YS1","Fe","10.1104/pp.106.1.71","O.sativa, S.bicolor, T.aestivum","Root","Also MRS2-4","Primary","NA","AT1G59950,AT1G59960","Medtr4g072320,Medtr4g072350,Medtr4g072360,Medtr6g073110","LOC_Os03g13390","Traes_4AS_887399584","Glyma.02G307300,Glyma.15G189300,Glyma.18G285800,Glyma.20G031100","Potri.008G193100","Sobic.001G443100","Seita.9G476100","Sevir.9G479900","GSVIVG01011582001"
"Z.mays","GRMZM2G063306","YS3","Fe","10.3389/fpls.2018.00157",NA,"Leaf",NA,"Primary","NA","","","","Traes_4BS_79F360321","","","","","",""
"Z.mays","GRMZM2G084779","ZmHAK5","K","10.1111/jipb.12756",NA,"Roots, shoots",NA,"Primary/Inferred","AT4G13420","AT4G13420","Medtr4g099260,Medtr8g022130,Medtr8g088200","LOC_Os01g70490","Traes_3AL_6B9D38F0F,Traes_3AL_9E0B84E84,Traes_3B_75C958395,Traes_3B_FF56F227D,Traes_3DL_598708C12,Traes_3DL_E912993A9","Glyma.07G042500,Glyma.19G263100","Potri.001G045200,Potri.001G069600,Potri.T133800,Potri.T134000","Sobic.003G413700","Seita.5G439500","Sevir.5G446100","GSVIVG01011951001"
"Z.mays","GRMZM2G176209","TLS1","B","10.1105/tpc.114.125898",NA,"Shoots, roots, anthers",NA,"Primary/Inferred","AT4G10380","AT4G10380","Medtr1g097840","LOC_Os10g36924","Traes_1BL_CC64CA41E","Glyma.10G221100,Glyma.20G170400","Potri.001G455000,Potri.011G146900","Sobic.001G195800","Seita.9G193500","Sevir.9G193400","GSVIVG01019729001"
"Z.mays","GRMZM2G060470",NA,"Se,S",NA,NA,NA,NA,"Inferred","AT1G08490","AT1G08490","Medtr3g083980","LOC_Os12g18900","Traes_4BS_BD7AF055E","Glyma.09G021000,Glyma.15G127400","Potri.009G066000","Sobic.005G014700","Seita.1G134500","Sevir.1G132950","GSVIVG01037384001"
"Z.mays","GRMZM2G481755",NA,"P",NA,NA,NA,NA,"Inferred","AT1G12640","AT1G12640,AT1G63050","Medtr4g102750","LOC_Os02g45344","Traes_6AL_75BA4C59A,Traes_6DL_4E31B8DE8","Glyma.05G049500,Glyma.17G131500","Potri.001G110100,Potri.003G121700","Sobic.004G283600","Seita.1G270400","Sevir.1G275100","GSVIVG01019857001"
"Z.mays","GRMZM2G151230",NA,"Zn",NA,NA,NA,NA,"Inferred","AT1G14870","AT1G14870,AT1G14880,AT5G35525","Medtr5g017650,Medtr8g104870","LOC_Os02g36940","","Glyma.05G236200,Glyma.05G236300,Glyma.08G043500","Potri.010G127700","Sobic.004G192100","Seita.1G209700","Sevir.1G213100","GSVIVG01011687001,GSVIVG01011926001"
"Z.mays","GRMZM2G061156",NA,"Fe,Zn,Co,Mn",NA,NA,NA,NA,"Inferred","AT1G20110","AT1G20110","Medtr3g114080","LOC_Os07g38580","Traes_2BS_CCA9B58A3","Glyma.04G023100,Glyma.06G023000","Potri.002G018900,Potri.005G242700","Sobic.002G348600","Seita.2G363000","Sevir.2G374000","GSVIVG01009956001"
"Z.mays","GRMZM2G013236",NA,"K",NA,NA,NA,NA,"Inferred","AT1G30270","AT1G30270","Medtr2g049790","LOC_Os07g05620","Traes_2AL_D66EA2EB5,Traes_2BL_A1F2BF8FC,Traes_2DL_2BA772DB5","Glyma.09G089700","Potri.006G062800,Potri.018G119200,Potri.018G122300","Sobic.002G034700","Seita.2G032200","Sevir.2G037000","GSVIVG01021541001"
"Z.mays","GRMZM2G084181",NA,"Cd,As",NA,NA,NA,NA,"Inferred","AT1G30400,LOC_Os04g52900","AT1G30400,AT2G34660","Medtr2g019020","LOC_Os04g52900","Traes_2AL_0A38A0EFC,Traes_2DL_5F40C7E14","Glyma.13G220000,Glyma.15G092400","Potri.011G091200","Sobic.006G219300","Seita.7G241100","Sevir.7G252600","GSVIVG01021589001"
"Z.mays","GRMZM2G113276",NA,"Ca,K,Na,S",NA,NA,NA,NA,"Inferred","AT1G30450","AT1G30450","Medtr2g048510","LOC_Os08g23440","Traes_5AL_21B739F34,Traes_5BL_0992ADD0A,Traes_5DL_7953B077C,Traes_7AS_2BF62E1DE,Traes_7BS_725BE98D0,Traes_7DS_54B335225","Glyma.09G085300,Glyma.15G193400","Potri.001G357600,Potri.011G090900","Sobic.005G040700,Sobic.009G105900","Seita.3G275800,Seita.5G025700","Sevir.3G283200,Sevir.5G024400","GSVIVG01021607001"
"Z.mays","GRMZM2G401874",NA,"Ca,K,Na,S",NA,NA,NA,NA,"Inferred","AT1G30450","AT1G30450","Medtr2g048510","","","Glyma.09G085300,Glyma.15G193400","Potri.001G357600,Potri.011G090900","","","","GSVIVG01021607001"
"Z.mays","GRMZM2G061303",NA,"K,NO3-",NA,NA,NA,NA,"Inferred","AT1G32450","AT1G32450,AT4G21680","Medtr4g098800,Medtr5g014150,Medtr7g010820","LOC_Os02g48570","","Glyma.01G200100,Glyma.05G070600,Glyma.09G237600,Glyma.09G237700,Glyma.11G042000,Glyma.17G153300,Glyma.18G259900,Glyma.18G260000","Potri.001G145200,Potri.003G088800,Potri.014G179400","Sobic.004G260500","Seita.1G296400","Sevir.1G301800","GSVIVG01018395001"
"Z.mays","GRMZM2G452630",NA,"S,Se",NA,NA,NA,NA,"Inferred","AT1G36370","AT1G22020,AT1G36370","Medtr2g006570","LOC_Os01g65410","Traes_3AL_4020ECFB3,Traes_3B_AEE1A6778","Glyma.08G187800,Glyma.12G170300","Potri.001G212000,Potri.002G090200,Potri.005G170800","Sobic.003G373600","Seita.5G398800","Sevir.5G404100","GSVIVG01008954001"
"Z.mays","AC233955.1_FG003",NA,"Fe,Cd,Co,Mo",NA,NA,NA,NA,"Inferred","AT1G56430,LOC_Os03g19420","AT1G09240,AT1G56430,AT5G04950,AT5G56080","Medtr1g084050,Medtr2g034240,Medtr7g112130","LOC_Os03g19420,LOC_Os03g19427","Traes_2AS_F55243E0C,Traes_2BS_98815CE06,Traes_4BL_BB0FC3BD3,Traes_4DL_4E10A6DFB,Traes_4DL_AF0869DDB,Traes_6AS_5D0B8CF891","Glyma.03G231200,Glyma.09G036400,Glyma.19G228400","Potri.005G014300,Potri.005G017300,Potri.010G143100","","","Sevir.9G044800","GSVIVG01029178001"
"Z.mays","GRMZM2G030036",NA,"Fe,Cd,Co,Mo",NA,NA,NA,NA,"Inferred","AT1G56430,LOC_Os03g19420","AT1G09240,AT1G56430,AT5G04950,AT5G56080","Medtr1g084050,Medtr2g034240,Medtr7g112130","LOC_Os03g19420,LOC_Os03g19427","Traes_2AS_F55243E0C,Traes_2BS_98815CE06,Traes_4BL_BB0FC3BD3,Traes_4DL_4E10A6DFB,Traes_4DL_AF0869DDB,Traes_6AS_5D0B8CF891","Glyma.03G231200,Glyma.09G036400,Glyma.19G228400","Potri.005G014300,Potri.005G017300,Potri.010G143100","Sobic.001G395900","Seita.9G429600","Sevir.9G433666","GSVIVG01029178001"
"Z.mays","GRMZM2G034956",NA,"Fe,Cd,Co,Mo",NA,NA,NA,NA,"Inferred","AT1G56430,LOC_Os03g19420","AT1G09240,AT1G56430,AT5G04950,AT5G56080","Medtr1g084050,Medtr2g034240,Medtr7g112130","LOC_Os03g19420,LOC_Os03g19427","Traes_2AS_F55243E0C,Traes_2BS_98815CE06,Traes_4BL_BB0FC3BD3,Traes_4DL_4E10A6DFB,Traes_4DL_AF0869DDB,Traes_6AS_5D0B8CF891","Glyma.03G231200,Glyma.09G036400,Glyma.19G228400","Potri.005G014300,Potri.005G017300,Potri.010G143100","","","Sevir.9G044800","GSVIVG01029178001"
"Z.mays","GRMZM2G050108",NA,"Fe,Cd,Co,Mo",NA,NA,NA,NA,"Inferred","AT1G56430","AT1G09240,AT1G56430,AT5G04950,AT5G56080","Medtr1g084050,Medtr2g034240,Medtr7g112130","LOC_Os07g48980","Traes_2BS_CB79BAFB1","Glyma.03G231200,Glyma.09G036400,Glyma.19G228400","Potri.005G014300,Potri.005G017300,Potri.010G143100","","Seita.2G440200","","GSVIVG01029178001"
"Z.mays","GRMZM2G124785",NA,"Fe,Cd,Co,Mo",NA,NA,NA,NA,"Inferred","AT1G56430,LOC_Os03g19420","AT1G09240,AT1G56430,AT5G04950,AT5G56080","Medtr1g084050,Medtr2g034240,Medtr7g112130","LOC_Os03g19420,LOC_Os03g19427","Traes_2AS_F55243E0C,Traes_2BS_98815CE06,Traes_4BL_BB0FC3BD3,Traes_4DL_4E10A6DFB,Traes_4DL_AF0869DDB,Traes_6AS_5D0B8CF891","Glyma.03G231200,Glyma.09G036400,Glyma.19G228400","Potri.005G014300,Potri.005G017300,Potri.010G143100","Sobic.001G395900","Seita.9G429600","Sevir.9G433666","GSVIVG01029178001"
"Z.mays","GRMZM2G312481",NA,"Fe,Cd,Co,Mo",NA,NA,NA,NA,"Inferred","AT1G56430,LOC_Os03g19420","AT1G09240,AT1G56430,AT5G04950,AT5G56080","Medtr1g084050,Medtr2g034240,Medtr7g112130","LOC_Os03g19420,LOC_Os03g19427","Traes_2AS_F55243E0C,Traes_2BS_98815CE06,Traes_4BL_BB0FC3BD3,Traes_4DL_4E10A6DFB,Traes_4DL_AF0869DDB,Traes_6AS_5D0B8CF891","Glyma.03G231200,Glyma.09G036400,Glyma.19G228400","Potri.005G014300,Potri.005G017300,Potri.010G143100","","","Sevir.9G044800","GSVIVG01029178001"
"Z.mays","GRMZM2G385200",NA,"Fe,Cd,Co,Mo",NA,NA,NA,NA,"Inferred","AT1G56430,LOC_Os03g19420","AT1G09240,AT1G56430,AT5G04950,AT5G56080","Medtr1g084050,Medtr2g034240,Medtr7g112130","LOC_Os03g19420,LOC_Os03g19427","Traes_2AS_F55243E0C,Traes_2BS_98815CE06,Traes_4BL_BB0FC3BD3,Traes_4DL_4E10A6DFB,Traes_4DL_AF0869DDB,Traes_6AS_5D0B8CF891","Glyma.03G231200,Glyma.09G036400,Glyma.19G228400","Potri.005G014300,Potri.005G017300,Potri.010G143100","","","Sevir.9G044800","GSVIVG01029178001"
"Z.mays","GRMZM2G439195",NA,"Fe,Cd,Co,Mo",NA,NA,NA,NA,"Inferred","AT1G56430","AT1G09240,AT1G56430,AT5G04950,AT5G56080","Medtr1g084050,Medtr2g034240,Medtr7g112130","LOC_Os07g48980","Traes_2BS_CB79BAFB1","Glyma.03G231200,Glyma.09G036400,Glyma.19G228400","Potri.005G014300,Potri.005G017300,Potri.010G143100","","","","GSVIVG01029178001"
"Z.mays","GRMZM2G478568",NA,"Fe,Cd,Co,Mo",NA,NA,NA,NA,"Inferred","AT1G56430","AT1G09240,AT1G56430,AT5G04950,AT5G56080","Medtr1g084050,Medtr2g034240,Medtr7g112130","LOC_Os07g48980","Traes_2BS_CB79BAFB1","Glyma.03G231200,Glyma.09G036400,Glyma.19G228400","Potri.005G014300,Potri.005G017300,Potri.010G143100","Sobic.001G151400","","Sevir.2G452700","GSVIVG01029178001"
"Z.mays","GRMZM2G704488",NA,"Fe,Cd,Co,Mo",NA,NA,NA,NA,"Inferred","AT1G56430,LOC_Os03g19420","AT1G09240,AT1G56430,AT5G04950,AT5G56080","Medtr1g084050,Medtr2g034240,Medtr7g112130","LOC_Os03g19420,LOC_Os03g19427","Traes_2AS_F55243E0C,Traes_2BS_98815CE06,Traes_4BL_BB0FC3BD3,Traes_4DL_4E10A6DFB,Traes_4DL_AF0869DDB,Traes_6AS_5D0B8CF891","Glyma.03G231200,Glyma.09G036400,Glyma.19G228400","Potri.005G014300,Potri.005G017300,Potri.010G143100","","","Sevir.9G044800","GSVIVG01029178001"
"Z.mays","GRMZM2G029506",NA,"Cd",NA,NA,NA,NA,"Inferred","AT1G59870","AT1G15210,AT1G59870,AT3G16340","Medtr2g101090,Medtr8g014360","LOC_Os06g36090","Traes_7AL_7BD10B6C7,Traes_7BL_E4BC8AB8B,Traes_7DL_63530C8FA","Glyma.07G015800,Glyma.08G201300,Glyma.13G355000,Glyma.15G019200","Potri.001G189500,Potri.003G049600","Sobic.010G165500","Seita.4G181500","Sevir.4G150000","GSVIVG01016999001"
"Z.mays","GRMZM2G366146",NA,"Cd",NA,NA,NA,NA,"Inferred","AT1G59870","AT1G15210,AT1G59870,AT3G16340","Medtr2g101090,Medtr8g014360","","Traes_7AL_7BD10B6C7,Traes_7BL_E4BC8AB8B,Traes_7DL_63530C8FA","Glyma.07G015800,Glyma.08G201300,Glyma.13G355000,Glyma.15G019200","Potri.001G189500,Potri.003G049600","","","","GSVIVG01016999001"
"Z.mays","GRMZM2G064382",NA,"Fe",NA,NA,NA,NA,"Inferred","AT1G60960","AT1G10970,AT1G60960","Medtr1g016120,Medtr3g104400","LOC_Os06g37010","Traes_7DL_24CBFF460","Glyma.04G051100,Glyma.06G052000,Glyma.17G228600","Potri.018G053300","Sobic.010G171300","","Sevir.4G249800","GSVIVG01035402001"
"Z.mays","AC189750.4_FG004",NA,"S,Se",NA,NA,NA,NA,"Inferred","AT1G62180","AT1G62180,AT4G04610,AT4G21990","Medtr2g023540","LOC_Os07g32570","Traes_2BS_DDCEEE1DE","Glyma.07G261500,Glyma.09G004400,Glyma.15G108700","Potri.004G012100,Potri.T104400","","Seita.2G327500","Sevir.2G338800","GSVIVG01030440001"
"Z.mays","GRMZM2G087254",NA,"S,Se",NA,NA,NA,NA,"Inferred","AT1G62180","AT1G62180,AT4G04610,AT4G21990","Medtr2g023540","LOC_Os07g32570","Traes_2BS_DDCEEE1DE","Glyma.07G261500,Glyma.09G004400,Glyma.15G108700","Potri.004G012100,Potri.T104400","Sobic.002G314300","","","GSVIVG01030440001"
"Z.mays","GRMZM2G143512",NA,"Cu",NA,NA,NA,NA,"Inferred","AT1G63440,LOC_Os04g46940","AT1G63440","Medtr5g010420,Medtr8g079250","LOC_Os04g46940","Traes_2AL_D0EABF355,Traes_2BL_19B3E60AA,Traes_2DL_51FF05F66","Glyma.01G219100,Glyma.19G140000","Potri.001G105800,Potri.003G125600,Potri.003G125700","Sobic.006G173700","Seita.7G193900","Sevir.7G205900","GSVIVG01019769001"
"Z.mays","GRMZM2G144083",NA,"Cu",NA,NA,NA,NA,"Inferred","AT1G63440","AT1G63440","Medtr5g010420,Medtr8g079250","","Traes_2AL_D0EABF355,Traes_2BL_19B3E60AA,Traes_2DL_51FF05F66","Glyma.01G219100,Glyma.19G140000","Potri.001G105800,Potri.003G125600,Potri.003G125700","Sobic.006G173800","Seita.7G194000","Sevir.7G206000","GSVIVG01019769001"
"Z.mays","GRMZM2G113332",NA,"Cu",NA,NA,NA,NA,"Inferred","AT1G66240","AT1G66240,AT3G56240","","","","","","","","",""
"Z.mays","GRMZM2G096358",NA,"P",NA,NA,NA,NA,"Inferred","AT1G68320","AT1G25340,AT1G68320","Medtr1g110460","LOC_Os01g03720","","Glyma.10G273000,Glyma.20G117000","Potri.008G122100,Potri.010G123000,Potri.012G055600,Potri.015G046200","Sobic.003G087600","Seita.5G087200","Sevir.5G085400","GSVIVG01008303001,GSVIVG01011872001"
"Z.mays","GRMZM2G162709",NA,"P",NA,NA,NA,NA,"Inferred","AT1G68320","AT1G25340,AT1G68320","Medtr1g110460","LOC_Os01g03720","","Glyma.10G273000,Glyma.20G117000","Potri.008G122100,Potri.010G123000,Potri.012G055600,Potri.015G046200","","","","GSVIVG01008303001,GSVIVG01011872001"
"Z.mays","GRMZM2G069198",NA,"Mn",NA,NA,NA,NA,"Inferred","AT1G80830","AT1G15960,AT1G80830","Medtr2g104990","LOC_Os06g46310","Traes_7AL_08B2A7BB2,Traes_7BL_CA6B7C9E6,Traes_7DL_26A2F4353","Glyma.07G023600,Glyma.08G218200,Glyma.13G369900,Glyma.15G003500","Potri.001G044900","Sobic.010G227800","Seita.4G263200","Sevir.4G276100","GSVIVG01034237001"
"Z.mays","GRMZM2G074672",NA,"Fe,Zn",NA,NA,NA,NA,"Inferred","AT2G01770,LOC_Os09g23300","AT2G01770","Medtr8g105790,Medtr8g105810","LOC_Os09g23300","Traes_5BL_7CE3EDE29,Traes_5DL_DA6449AC6","Glyma.05G240600,Glyma.08G047500","","Sobic.002G194600","Seita.2G197500","Sevir.2G205200","GSVIVG01011628001"
"Z.mays","GRMZM2G107306",NA,"Fe,Zn",NA,NA,NA,NA,"Inferred","AT2G01770,LOC_Os04g38940","AT2G01770","","LOC_Os04g38940","Traes_2AL_A3A25F40E,Traes_2BL_54954138A,Traes_2DL_B37EC8078","Glyma.05G240600,Glyma.08G047500","Potri.010G104100,Potri.010G104200","Sobic.006G109000","Seita.7G126700","Sevir.7G134800","GSVIVG01011628001"
"Z.mays","GRMZM2G098494",NA,"Na",NA,NA,NA,NA,"Inferred","AT2G01980","AT2G01980","","LOC_Os12g44360","Traes_3B_03F2D00E9","Glyma.08G092000","Potri.008G140700,Potri.010G100900","Sobic.008G192900","Seita.3G409000","Sevir.3G427000","GSVIVG01011573001"
"Z.mays","GRMZM2G083689",NA,"S",NA,NA,NA,NA,"Inferred","AT2G13540","AT2G13540","Medtr7g083840","LOC_Os03g22570","Traes_4BS_9831A28AE","Glyma.16G049600,Glyma.19G101600","Potri.009G049200","Sobic.001G373800","Seita.9G406000","Sevir.9G409800","GSVIVG01037230001"
"Z.mays","GRMZM2G000171",NA,"Zn",NA,NA,NA,NA,"Inferred","AT2G16770,AT4G35040","AT2G16770,AT4G35040","Medtr4g073100","LOC_Os06g50310","Traes_5BS_FC54F9BEA,Traes_5DS_4F7973584","Glyma.11G108100,Glyma.12G033000","Potri.004G175200,Potri.009G134900","Sobic.010G267500","Seita.4G281600,Seita.9G059700","Sevir.4G293800,Sevir.9G058800","GSVIVG01001468001"
"Z.mays","GRMZM2G055413",NA,"Zn",NA,NA,NA,NA,"Inferred","AT2G16770,AT4G35040","AT2G16770,AT4G35040","Medtr4g073100","LOC_Os06g50310","Traes_5BS_FC54F9BEA,Traes_5DS_4F7973584","Glyma.11G108100,Glyma.12G033000","","","Seita.4G281600,Seita.9G059700","",""
"Z.mays","GRMZM2G099191",NA,"Zn",NA,NA,NA,NA,"Inferred","AT2G19110,AT4G30110","AT2G19110,AT4G30110","Medtr4g127580","","Traes_7AL_8304348B7,Traes_7DL_A5269C73F","Glyma.13G099600,Glyma.17G060400","Potri.006G076900","Sobic.010G250900","Seita.4G242300","Sevir.4G255000","GSVIVG01010896001"
"Z.mays","GRMZM2G028036",NA,"Fe,Mn,Zn",NA,NA,NA,NA,"Inferred","AT2G23150","AT1G47240,AT2G23150","Medtr3g102620,Medtr4g095075,Medtr5g016270","LOC_Os12g39180","Traes_5BS_DE1CD2DA4,Traes_5DS_8FAA08B51","Glyma.01G190700,Glyma.04G044000,Glyma.05G101700,Glyma.06G044200,Glyma.11G051500,Glyma.17G165200","Potri.002G121000","Sobic.008G143700","Seita.3G367300","Sevir.3G384700","GSVIVG01009387001,GSVIVG01000173001"
"Z.mays","GRMZM2G402564",NA,"Cu,Zn",NA,NA,NA,NA,"Inferred","AT2G23240,AT2G42000","AT2G23240,AT2G42000","Medtr7g053460","","Traes_1AL_F0648088C","Glyma.08G346600,Glyma.18G157800","Potri.004G206400,Potri.009G167700","Sobic.001G311200","Seita.9G339800","Sevir.9G343900",""
"Z.mays","GRMZM2G083156",NA,"Mo",NA,NA,NA,NA,"Inferred","AT2G25680,Medtr1g010270,Medtr3g464210,LOC_Os08g01120","AT2G25680","Medtr1g010210,Medtr1g010270,Medtr3g108190,Medtr3g464210","LOC_Os08g01120","Traes_2AL_1855F06E3","Glyma.04G073000,Glyma.06G074100,Glyma.14G130000,Glyma.17G203000,Glyma.17G203200,Glyma.17G203500","Potri.006G245900,Potri.006G246000","Sobic.001G187300","Seita.9G184500","Sevir.9G183400","GSVIVG01035740001"
"Z.mays","GRMZM2G107672",NA,"Fe",NA,NA,NA,NA,"Inferred","AT2G28160","AT2G28160","Medtr2g084280,Medtr4g057270","LOC_Os04g31290","Traes_2AL_088338613,Traes_2BL_F442E87DD","Glyma.11G192800,Glyma.12G081200,Glyma.12G178500,Glyma.13G322100","Potri.009G005600,Potri.T155900","Sobic.006G047200","Seita.7G070000","Sevir.7G076400","GSVIVG01031466001"
"Z.mays","GRMZM2G173521",NA,"Fe",NA,NA,NA,NA,"Inferred","AT2G28160","AT2G28160","Medtr2g084280,Medtr4g057270","LOC_Os04g31290","Traes_2AL_088338613,Traes_2BL_F442E87DD","Glyma.11G192800,Glyma.12G081200,Glyma.12G178500,Glyma.13G322100","Potri.009G005600,Potri.T155900","Sobic.006G047200","Seita.7G070000","Sevir.7G076400","GSVIVG01031466001"
"Z.mays","GRMZM2G313756",NA,"Fe",NA,NA,NA,NA,"Inferred","AT2G28160","AT2G28160","Medtr2g084280,Medtr4g057270","LOC_Os04g31290","Traes_2AL_088338613,Traes_2BL_F442E87DD","Glyma.11G192800,Glyma.12G081200,Glyma.12G178500,Glyma.13G322100","Potri.009G005600,Potri.T155900","","Seita.7G070000","","GSVIVG01031466001"
"Z.mays","AC206350.3_FG005",NA,"Ca,Mn,Zn,Na,S,K,As,Se,Mo",NA,NA,NA,NA,"Inferred","AT2G28670","AT1G07730,AT2G28670","Medtr4g062470,Medtr4g062520","LOC_Os01g06250","","Glyma.11G144000,Glyma.11G144200,Glyma.12G067400","Potri.008G049200,Potri.010G211800","Sobic.003G064800","Seita.5G110100","Sevir.5G106900",""
"Z.mays","GRMZM2G381709",NA,"P",NA,NA,NA,NA,"Inferred","AT2G33770,LOC_Os05g48390","AT2G33770","Medtr2g013650,Medtr4g020620,Medtr4g088835","LOC_Os05g48390","Traes_1AL_E5224B6EA,Traes_1BL_241A3B9EF,Traes_1DL_F122253A3","Glyma.07G196500,Glyma.13G179600,Glyma.13G239100,Glyma.15G074200","Potri.004G043500,Potri.011G052600","Sobic.009G228100","Seita.3G150400","Sevir.3G153100","GSVIVG01005206001"
"Z.mays","GRMZM2G464572",NA,"P",NA,NA,NA,NA,"Inferred","AT2G33770,LOC_Os05g48390","AT2G33770","Medtr2g013650,Medtr4g020620,Medtr4g088835","LOC_Os05g48390","Traes_1AL_E5224B6EA,Traes_1BL_241A3B9EF,Traes_1DL_F122253A3","Glyma.07G196500,Glyma.13G179600,Glyma.13G239100,Glyma.15G074200","Potri.004G043500,Potri.011G052600","Sobic.009G228100","Seita.3G150400","Sevir.3G153100","GSVIVG01005206001"
"Z.mays","GRMZM2G110862",NA,"Co,Ni",NA,NA,NA,NA,"Inferred","AT2G38460,AT5G03570","AT2G38460,AT5G03570","Medtr4g013240,Medtr4g013245","","","Glyma.01G128300,Glyma.03G042400","Potri.016G128500,Potri.016G128600,Potri.T141700","","","","GSVIVG01030252001,GSVIVG01030250001"
"Z.mays","GRMZM2G148060",NA,"Co,Ni",NA,NA,NA,NA,"Inferred","AT2G38460,AT5G03570","AT2G38460,AT5G03570","Medtr4g013240,Medtr4g013245","LOC_Os06g36450","Traes_4DL_A266BC7CA","Glyma.01G128300,Glyma.03G042400","Potri.016G128500,Potri.016G128600,Potri.T141700","Sobic.010G168400","Seita.4G269800","Sevir.4G281800","GSVIVG01030252001,GSVIVG01030250001"
"Z.mays","GRMZM2G154090",NA,"P",NA,NA,NA,NA,"Inferred","AT2G38940","AT2G38940,AT3G54700","Medtr1g069935,Medtr7g096870,Medtr7g096880","LOC_Os10g30790","Traes_4AL_C56125840,Traes_5BL_1CF10603C,Traes_5DL_391DF2590","","Potri.001G318500,Potri.002G038900,Potri.005G223500,Potri.005G223600,Potri.010G071600,Potri.010G071700,Potri.010G072000","Sobic.001G234800","Seita.9G238300","Sevir.9G238300","GSVIVG01032651001"
"Z.mays","GRMZM2G326707",NA,"P",NA,NA,NA,NA,"Inferred","AT2G38940","AT2G38940,AT3G54700","","LOC_Os10g30790","Traes_4AL_C56125840,Traes_5BL_1CF10603C,Traes_5DL_391DF2590","","Potri.001G318500,Potri.002G038900,Potri.005G223500,Potri.005G223600,Potri.010G071600,Potri.010G071700,Potri.010G072000","","Seita.9G238300","Sevir.9G238300","GSVIVG01032651001"
"Z.mays","GRMZM2G014454",NA,"Mn",NA,NA,NA,NA,"Inferred","AT2G39450","AT2G39450","Medtr7g022890","LOC_Os01g62070","Traes_3B_8D1DAA8DE","Glyma.02G095400,Glyma.18G286100","Potri.008G049600,Potri.010G211300","Sobic.003G349200","Seita.5G374300","Sevir.5G379500","GSVIVG01016640001"
"Z.mays","GRMZM2G036908",NA,"Zn",NA,NA,NA,NA,"Inferred","AT2G46800","AT2G46800","Medtr2g036390,Medtr8g024240","LOC_Os05g03780","Traes_1AS_520F23BD4,Traes_1BS_7F56C8B50,Traes_1DS_A22F0D613","Glyma.07G049200,Glyma.16G017800","Potri.001G450900,Potri.011G150600","","","","GSVIVG01019690001"
"Z.mays","GRMZM2G477741",NA,"Zn",NA,NA,NA,NA,"Inferred","AT2G46800","AT2G46800","Medtr2g036390,Medtr8g024240","LOC_Os05g03780","Traes_1AS_520F23BD4,Traes_1BS_7F56C8B50,Traes_1DS_A22F0D613","Glyma.07G049200,Glyma.16G017800","","Sobic.009G029500","Seita.3G049900","Sevir.3G050000",""
"Z.mays","GRMZM2G082203",NA,"B",NA,NA,NA,NA,"Inferred","AT2G47160,AT3G62270,LOC_Os12g37840","AT2G47160,AT3G62270","Medtr7g110000","LOC_Os12g37840","Traes_5AS_B9B99F1F2,Traes_5BS_AE9A54888","Glyma.03G222300,Glyma.19G219500","Potri.008G100300","","","","GSVIVG01017647001,GSVIVG01028186001"
"Z.mays","GRMZM2G166159",NA,"B",NA,NA,NA,NA,"Inferred","AT2G47160,AT3G62270,LOC_Os12g37840","AT2G47160,AT3G62270","Medtr7g110000","LOC_Os12g37840","Traes_5AS_B9B99F1F2,Traes_5BS_AE9A54888","Glyma.03G222300,Glyma.19G219500","Potri.008G100300","Sobic.008G132300","Seita.3G333100","Sevir.3G347400","GSVIVG01017647001,GSVIVG01028186001"
"Z.mays","GRMZM2G057140",NA,"P",NA,NA,NA,NA,"Inferred","AT3G01310,AT5G15070","AT3G01310,AT5G15070","Medtr6g011290,Medtr7g009060","LOC_Os01g56980,LOC_Os03g48300","Traes_4AL_52B53A5D2,Traes_4BS_77F5E1A28,Traes_4DS_4E9831209","Glyma.09G241100,Glyma.13G065500,Glyma.18G255000,Glyma.19G019100","Potri.004G129900,Potri.017G076400","Sobic.001G132600,Sobic.003G315166","Seita.5G338800,Seita.9G135000","Sevir.5G343000,Sevir.9G133900","GSVIVG01032598001"
"Z.mays","GRMZM2G147701",NA,"Na,K,Rb,Mg,Ca,Fe,Mo",NA,NA,NA,NA,"Inferred","AT3G06060","AT3G06060,AT5G19200","Medtr2g022600,Medtr3g098750","LOC_Os02g47350","Traes_6AL_5B7EC197B","Glyma.13G207200,Glyma.15G105400","Potri.010G191800","Sobic.004G269700","Seita.1G287300","Sevir.1G292400","GSVIVG01017907001"
"Z.mays","GRMZM2G167431",NA,"Na,K,Rb,Mg,Ca,Fe,Mo",NA,NA,NA,NA,"Inferred","AT3G06060","AT3G06060,AT5G19200","Medtr2g022600,Medtr3g098750","LOC_Os02g47350","Traes_6AL_5B7EC197B","Glyma.13G207200,Glyma.15G105400","","","","Sevir.1G292400",""
"Z.mays","GRMZM2G045849",NA,"Mn,Zn",NA,NA,NA,NA,"Inferred","AT3G12750,LOC_Os04g52310","AT3G12750","","LOC_Os04g52310","Traes_2BL_23F1C8743","","","Sobic.006G212200","Seita.7G234300","Sevir.7G245900",""
"Z.mays","GRMZM2G111300",NA,"Mn",NA,NA,NA,NA,"Inferred","AT3G12750","AT3G12750","","LOC_Os08g10630","","","","Sobic.007G075700","Seita.6G026600","",""
"Z.mays","GRMZM2G046480",NA,"Mn,Fe,K,P",NA,NA,NA,NA,"Inferred","AT3G13320","AT1G55720,AT1G55730,AT3G13320","Medtr2g105640","LOC_Os03g27960","Traes_4BS_0F601AE0D,Traes_4DL_4DD8BAC21","Glyma.13G372100,Glyma.15G001600","Potri.010G249200","","","Sevir.9G379800","GSVIVG01016118001"
"Z.mays","GRMZM2G053004",NA,"Mn,Fe,K,P",NA,NA,NA,NA,"Inferred","AT3G13320","AT1G55720,AT1G55730,AT3G13320","Medtr2g105640","LOC_Os03g27960","Traes_4BS_0F601AE0D,Traes_4DL_4DD8BAC21","Glyma.13G372100,Glyma.15G001600","Potri.010G249200","Sobic.001G346500","Seita.9G374300","Sevir.9G379800","GSVIVG01016118001"
"Z.mays","AC220927.3_FG010",NA,"Na,Fe,Zn,Mn,Mo",NA,NA,NA,NA,"Inferred","AT3G15380","AT3G15380","","","","","Potri.011G121100","","","","GSVIVG01014366001"
"Z.mays","GRMZM2G051917",NA,"Na,Fe,Zn,Mn,Mo",NA,NA,NA,NA,"Inferred","AT3G15380","AT3G15380","Medtr2g079490,Medtr8g059125","LOC_Os04g58470,LOC_Os04g58504","Traes_2AL_533B673F0,Traes_2BL_3DDB1826B,Traes_2DL_DCE370754","Glyma.06G246600,Glyma.12G150800,Glyma.12G223200,Glyma.13G278300","Potri.011G121100","Sobic.006G270400","Seita.3G012800","Sevir.3G014100","GSVIVG01014366001"
"Z.mays","GRMZM2G125768",NA,"Na,Fe,Zn,Mn,Mo",NA,NA,NA,NA,"Inferred","AT3G15380","AT3G15380","Medtr2g079490,Medtr8g059125","","Traes_7BL_3902E0349,Traes_7DL_6F84F387C","Glyma.06G246600,Glyma.12G150800,Glyma.12G223200,Glyma.13G278300","Potri.011G121100","Sobic.007G000700","Seita.6G001600","Sevir.6G001500","GSVIVG01014366001"
"Z.mays","GRMZM2G175661",NA,"Fe,Zn,Mn",NA,NA,NA,NA,"Inferred","AT3G18290","AT3G18290","Medtr6g083900,Medtr8g104410","LOC_Os01g49470","Traes_3AL_667B9174E,Traes_3B_38BD6A407,Traes_3DL_7AF5E2768","Glyma.05G237500,Glyma.07G093700,Glyma.08G044700,Glyma.09G182600","Potri.008G123300,Potri.010G122200,Potri.012G055100","","Seita.5G276900","Sevir.5G279700","GSVIVG01008317001"
"Z.mays","GRMZM2G312712",NA,"Fe,Zn,Mn",NA,NA,NA,NA,"Inferred","AT3G18290","AT3G18290","Medtr6g083900,Medtr8g104410","LOC_Os01g49470","Traes_3AL_667B9174E,Traes_3B_38BD6A407,Traes_3DL_7AF5E2768","Glyma.05G237500,Glyma.07G093700,Glyma.08G044700,Glyma.09G182600","Potri.008G123300,Potri.010G122200,Potri.012G055100","Sobic.003G262200","","","GSVIVG01008317001"
"Z.mays","GRMZM2G051270",NA,"S",NA,NA,NA,NA,"Inferred","AT3G22890","AT3G22890,AT4G14680,AT5G43780","Medtr1g102550","LOC_Os03g53230","Traes_5BL_5CED2C911,Traes_5DL_BCEFD69DA","Glyma.10G242600,Glyma.20G151500","Potri.008G159000,Potri.010G081200","Sobic.001G094300","Seita.9G096900","Sevir.9G095300",""
"Z.mays","GRMZM2G149952",NA,"S",NA,NA,NA,NA,"Inferred","AT3G22890","AT3G22890,AT4G14680,AT5G43780","Medtr1g102550","LOC_Os03g53230","Traes_5BL_5CED2C911,Traes_5DL_BCEFD69DA","Glyma.10G242600,Glyma.20G151500","Potri.008G159000,Potri.010G081200","Sobic.001G094300","Seita.9G096900","Sevir.9G095300",""
"Z.mays","GRMZM2G466545",NA,"P",NA,NA,NA,NA,"Inferred","AT3G23430,LOC_Os02g56510","AT3G23430","Medtr1g041695,Medtr1g075640","LOC_Os02g56510","Traes_6DL_C4DC2B23A","Glyma.02G003700,Glyma.10G004800,Glyma.10G183300,Glyma.20G206900","Potri.008G169400,Potri.010G069000","Sobic.004G339800","Seita.1G360400","Sevir.1G367100",""
"Z.mays","GRMZM2G017145",NA,"Fe,Zn,Mn,Co",NA,NA,NA,NA,"Inferred","AT3G47640","AT3G47640","Medtr4g108360","LOC_Os07g43530","Traes_2AS_C4568AE60,Traes_2DS_1FE8E9DE9","Glyma.05G027600,Glyma.17G098900","Potri.003G074400,Potri.015G142700","Sobic.002G385300","Seita.2G400400","Sevir.2G412100","GSVIVG01011386001"
"Z.mays","GRMZM2G133675",NA,"Fe,Zn,Mn,Co",NA,NA,NA,NA,"Inferred","AT3G47640","AT3G47640","","LOC_Os11g38870","Traes_4AL_233C180CE,Traes_4BS_E01AAE6DE,Traes_4DS_51AD22B85","","Potri.003G074400,Potri.015G142700","Sobic.005G177800","Seita.8G180600","Sevir.8G189400",""
"Z.mays","GRMZM2G350312",NA,"Fe,Zn,Mn,Co",NA,NA,NA,NA,"Inferred","AT3G47640","AT3G47640","Medtr4g108360","LOC_Os03g26210","Traes_2AS_9AEA9BDEA,Traes_2BS_8A40B568C,Traes_2DS_FE62DB7F5","Glyma.05G027600,Glyma.17G098900","","Sobic.001G355600","Seita.9G384500","Sevir.9G389000",""
"Z.mays","GRMZM2G035520",NA,"Na",NA,NA,NA,NA,"Inferred","AT3G47950","AT3G47950,AT5G62670","Medtr4g107500","LOC_Os12g44150","Traes_5AS_FDCDBC783,Traes_5BS_7DDBE5B89,Traes_5DS_DECAA37DD","Glyma.04G174800,Glyma.05G030700,Glyma.06G189900,Glyma.17G096100","Potri.012G071600,Potri.015G066000","Sobic.008G190500","Seita.3G406700","Sevir.3G424800","GSVIVG01032599001,GSVIVG01008074001"
"Z.mays","GRMZM2G068259",NA,"Na",NA,NA,NA,NA,"Inferred","AT3G47950","AT3G47950,AT5G62670","Medtr4g107500","","","Glyma.04G174800,Glyma.05G030700,Glyma.06G189900,Glyma.17G096100","Potri.012G071600,Potri.015G066000","Sobic.001G132400","","","GSVIVG01032599001,GSVIVG01008074001"
"Z.mays","GRMZM2G104325",NA,"Na",NA,NA,NA,NA,"Inferred","AT3G47950","AT3G47950,AT5G62670","Medtr4g107500","LOC_Os07g09340","","Glyma.04G174800,Glyma.05G030700,Glyma.06G189900,Glyma.17G096100","Potri.012G071600,Potri.015G066000","Sobic.002G065000","Seita.2G068600","Sevir.2G071500","GSVIVG01032599001,GSVIVG01008074001"
"Z.mays","GRMZM2G011592",NA,"P,K",NA,NA,NA,NA,"Inferred","AT3G51860","AT2G38170,AT3G51860","Medtr5g070330","LOC_Os01g37690","","Glyma.01G122800,Glyma.03G058300,Glyma.03G058500,Glyma.07G149600,Glyma.18G200500","Potri.001G251200,Potri.006G099900,Potri.009G045800,Potri.016G115500","","Seita.5G194500","Sevir.5G196600","GSVIVG01033962001,GSVIVG01024741001"
"Z.mays","GRMZM5G809587",NA,"P,K",NA,NA,NA,NA,"Inferred","AT3G51860","AT2G38170,AT3G51860","Medtr4g016720,Medtr7g068380","LOC_Os05g51610","Traes_2AL_26065F906,Traes_2BL_445F5B3B7,Traes_2DL_2A2F4F62B","Glyma.01G122800,Glyma.03G058300,Glyma.03G058500,Glyma.07G149600,Glyma.18G200500","Potri.001G251200,Potri.006G099900,Potri.009G045800,Potri.016G115500","Sobic.009G257800","Seita.3G120500","Sevir.3G122500","GSVIVG01033962001,GSVIVG01024741001"
"Z.mays","GRMZM2G154211",NA,"S",NA,NA,NA,NA,"Inferred","AT3G51895","AT3G51895","Medtr1g071530,Medtr7g095430","LOC_Os03g06520","Traes_4AS_68B3D79A1,Traes_4BL_0C898C5C8","Glyma.02G145100,Glyma.03G156700,Glyma.10G028900,Glyma.19G159000","Potri.002G049500,Potri.005G213500,Potri.010G082700","Sobic.001G496800","Seita.9G532700","Sevir.9G537000","GSVIVG01001196001,GSVIVG01018027001,GSVIVG01018028001,GSVIVG01001198001"
"Z.mays","AC193786.3_FG005",NA,"Fe",NA,NA,NA,NA,"Inferred","AT3G56970,AT3G56980","AT2G41240,AT3G56970,AT3G56980","Medtr1g048710,Medtr1g048720,Medtr1g048750,Medtr7g090410","LOC_Os01g72370","Traes_2AL_ACBAA6A31,Traes_2BL_00608F8D6,Traes_2DL_865346DA2","Glyma.03G130400,Glyma.03G130600,Glyma.19G132500","Potri.006G037200,Potri.006G037600,Potri.016G037300","","Seita.5G455700","","GSVIVG01033618001,GSVIVG01027323001,GSVIVG01034621001"
"Z.mays","GRMZM2G057413",NA,"Fe",NA,NA,NA,NA,"Inferred","AT3G56970,AT3G56980","AT2G41240,AT3G56970,AT3G56980","Medtr1g048710,Medtr1g048720,Medtr1g048750,Medtr7g090410","LOC_Os01g72370","Traes_2AL_ACBAA6A31,Traes_2BL_00608F8D6,Traes_2DL_865346DA2","Glyma.03G130400,Glyma.03G130600,Glyma.19G132500","Potri.006G037200,Potri.006G037600,Potri.016G037300","Sobic.003G428800","","Sevir.5G462400","GSVIVG01033618001,GSVIVG01027323001,GSVIVG01034621001"
"Z.mays","GRMZM2G118497",NA,"Mn",NA,NA,NA,NA,"Inferred","AT3G58060,LOC_Os03g12530","AT3G58060","Medtr3g062610,Medtr5g075680","LOC_Os03g12530","Traes_4AS_B5D20D324,Traes_4DL_84BDB65D9","Glyma.03G146700","Potri.001G010200,Potri.001G010300,Potri.003G215600","Sobic.001G445000","Seita.9G478600","Sevir.9G482200","GSVIVG01025383001"
"Z.mays","GRMZM2G145794",NA,"Mg",NA,NA,NA,NA,"Inferred","AT3G58970","AT3G58970","Medtr8g088670","LOC_Os10g39790","Traes_1AL_B39515B38","Glyma.05G168200,Glyma.08G126600","Potri.006G081700","","Seita.9G337700","","GSVIVG01022826001"
"Z.mays","GRMZM2G453832",NA,"Mg",NA,NA,NA,NA,"Inferred","AT3G58970","AT3G58970","Medtr8g088670","LOC_Os10g39790","Traes_1AL_B39515B38","Glyma.05G168200,Glyma.08G126600","Potri.006G081700","Sobic.001G309400","Seita.9G337700","Sevir.9G341300","GSVIVG01022826001"
"Z.mays","GRMZM2G044481",NA,"Fe",NA,NA,NA,NA,"Inferred","AT4G02780","AT4G02780","Medtr7g011663,Medtr7g011770,Medtr7g094970","","","Glyma.03G154400,Glyma.03G154700,Glyma.19G157000","Potri.002G052100,Potri.005G210300","","Seita.9G351400","Sevir.9G357500","GSVIVG01001155001,GSVIVG01001153001"
"Z.mays","GRMZM2G081554",NA,"Fe",NA,NA,NA,NA,"Inferred","AT4G02780","AT4G02780","Medtr7g011663,Medtr7g011770,Medtr7g094970","LOC_Os02g17780","Traes_1BS_8A9B3CE82,Traes_1DS_CD37D3A95,Traes_7DL_02E7F7D6A,Traes_7DL_211D5CA44","Glyma.03G154400,Glyma.03G154700,Glyma.19G157000","Potri.002G052100,Potri.005G210300","Sobic.001G248600","Seita.9G262400","Sevir.9G265300","GSVIVG01001155001,GSVIVG01001153001"
"Z.mays","GRMZM2G421491",NA,"Fe,Cd",NA,NA,NA,NA,"Inferred","AT4G16370","AT4G16370","Medtr4g133968","LOC_Os03g54000","Traes_5BL_1FB170E61","Glyma.07G267800,Glyma.17G006100","Potri.006G006000,Potri.016G006500","Sobic.001G087700","Seita.9G090100","Sevir.9G088600","GSVIVG01005133001"
"Z.mays","GRMZM2G115190",NA,"Fe,Mn,Co,Cd,Zn",NA,NA,NA,NA,"Inferred","AT4G19690","AT1G31260,AT4G19690","Medtr8g105030","","","Glyma.02G126000","Potri.010G134300,Potri.010G135400","Sobic.001G142900,Sobic.001G156800","Seita.9G146200","","GSVIVG01026252001"
"Z.mays","GRMZM2G118821",NA,"Fe,Mn,Co,Cd,Zn",NA,NA,NA,NA,"Inferred","AT4G19690","AT1G31260,AT4G19690","Medtr8g105030","LOC_Os03g46470","Traes_4AL_9D79BE8FB,Traes_4AL_9F6B106F3,Traes_4BS_6527BBD54,Traes_4DS_F565A7C50","Glyma.02G126000","Potri.010G134300,Potri.010G135400","Sobic.001G142800","Seita.9G146100","Sevir.9G144700","GSVIVG01026252001"
"Z.mays","GRMZM2G020096",NA,"Cd,As",NA,NA,NA,NA,"Inferred","AT4G23100","AT4G23100","Medtr8g098350","LOC_Os05g03820,LOC_Os07g27790","Traes_1BS_D3FD8CC9D,Traes_1DS_EFDF9CB72","Glyma.05G207600,Glyma.08G014300","Potri.001G104500,Potri.003G126900","","Seita.3G050000","Sevir.3G050100","GSVIVG01019757001"
"Z.mays","GRMZM2G111579",NA,"Cd,As",NA,NA,NA,NA,"Inferred","AT4G23100","AT4G23100","Medtr8g098350","LOC_Os05g03820,LOC_Os07g27790","Traes_1BS_D3FD8CC9D,Traes_1DS_EFDF9CB72","Glyma.05G207600,Glyma.08G014300","Potri.001G104500,Potri.003G126900","Sobic.009G029600","Seita.3G050000","Sevir.3G050100","GSVIVG01019757001"
"Z.mays","GRMZM2G162409",NA,"P",NA,NA,NA,NA,"Inferred","AT4G28610","AT2G20400,AT4G28610","Medtr7g098250","LOC_Os07g25710","Traes_3AS_6EEB8D2B2,Traes_3B_6780F56DD,Traes_3DS_0E0A747A1","Glyma.03G166400,Glyma.10G039700,Glyma.13G126200,Glyma.19G167500","","Sobic.002G121600","Seita.2G118400","Sevir.2G125000",""
"Z.mays","GRMZM2G116584",NA,"K",NA,NA,NA,NA,"Inferred","AT4G33000","AT4G33000","Medtr1g016430","LOC_Os01g39770","Traes_3AL_8456B7FB8,Traes_3B_A9E5C3905","Glyma.07G010800,Glyma.08G194000","Potri.006G230200","Sobic.003G196400","Seita.5G259100","Sevir.5G210300","GSVIVG01035369001,GSVIVG01035370001"
"Z.mays","GRMZM2G067853",NA,"Zn",NA,NA,NA,NA,"Inferred","AT4G37270","AT4G37270","Medtr4g094985","LOC_Os06g47550","Traes_7BL_041308E74","Glyma.05G098800,Glyma.17G166800","Potri.007G049000","Sobic.010G240500","Seita.4G253000","Sevir.4G265200","GSVIVG01000217001"
"Z.mays","GRMZM2G096008",NA,"Na,K,Rb",NA,NA,NA,NA,"Inferred","AT5G02600","AT2G37390,AT5G02600","Medtr1g067560,Medtr7g100450","LOC_Os01g74490","Traes_3AL_F0F9F0D72,Traes_3B_DF8816636","Glyma.03G174100,Glyma.19G175100","Potri.001G234700","Sobic.003G167500","Seita.5G168600","Sevir.5G168600",""
"Z.mays","GRMZM2G011520",NA,"As,P",NA,NA,NA,NA,"Inferred","AT5G03455","AT5G03455","Medtr7g102310","LOC_Os03g01770","Traes_1DL_74A35C8D0","Glyma.19G185200","Potri.006G122700","Sobic.001G308800","Seita.5G006400,Seita.9G337000","Sevir.6G149500,Sevir.9G340600","GSVIVG01033661001"
"Z.mays","GRMZM2G115658",NA,"Zn,Fe",NA,NA,NA,NA,"Inferred","AT5G13740,LOC_Os12g03899","AT5G13740,AT5G13750","Medtr3g010820,Medtr3g010850,Medtr3g086440,Medtr8g042770,Medtr8g042780,Medtr8g042870,Medtr8g062990","LOC_Os11g04104,LOC_Os12g03899","","Glyma.04G124800,Glyma.06G313500,Glyma.06G313600,Glyma.06G313700,Glyma.13G186400,Glyma.13G186500,Glyma.13G186600,Glyma.13G186700,Glyma.15G224200","Potri.006G026200,Potri.008G010600,Potri.009G021700,Potri.016G024400","","Seita.7G312300,Seita.8G020800","Sevir.7G322400,Sevir.8G023400","GSVIVG01027391001,GSVIVG01027385001,GSVIVG01025827001,GSVIVG01027394001"
"Z.mays","GRMZM2G141081",NA,"Zn,Fe",NA,NA,NA,NA,"Inferred","AT5G13740","AT5G13740,AT5G13750","Medtr3g010820,Medtr3g010850,Medtr3g086440,Medtr8g042770,Medtr8g042780,Medtr8g042870,Medtr8g062990","","","Glyma.04G124800,Glyma.06G313500,Glyma.06G313600,Glyma.06G313700,Glyma.13G186400,Glyma.13G186500,Glyma.13G186600,Glyma.13G186700,Glyma.15G224200","Potri.006G026200,Potri.008G010600,Potri.009G021700,Potri.016G024400","Sobic.005G024900","","","GSVIVG01027391001,GSVIVG01027385001,GSVIVG01025827001,GSVIVG01027394001"
"Z.mays","GRMZM2G336448",NA,"Zn,Fe",NA,NA,NA,NA,"Inferred","AT5G13740,LOC_Os12g03899","AT5G13740,AT5G13750","Medtr3g010820,Medtr3g010850,Medtr3g086440,Medtr8g042770,Medtr8g042780,Medtr8g042870,Medtr8g062990","LOC_Os11g04104,LOC_Os12g03899","Traes_4BS_1DCF82CB7","Glyma.04G124800,Glyma.06G313500,Glyma.06G313600,Glyma.06G313700,Glyma.13G186400,Glyma.13G186500,Glyma.13G186600,Glyma.13G186700,Glyma.15G224200","Potri.006G026200,Potri.008G010600,Potri.009G021700,Potri.016G024400","Sobic.005G024800","","Sevir.7G322400,Sevir.8G023400","GSVIVG01027391001,GSVIVG01027385001,GSVIVG01025827001,GSVIVG01027394001"
"Z.mays","GRMZM5G877788",NA,"Zn,Fe",NA,NA,NA,NA,"Inferred","AT5G13740","AT5G13740,AT5G13750","Medtr3g010820,Medtr3g010850,Medtr3g086440,Medtr8g042770,Medtr8g042780,Medtr8g042870,Medtr8g062990","LOC_Os11g04030,LOC_Os12g03860","Traes_5AL_37BFFFD9E,Traes_5DL_D338FB08C","Glyma.04G124800,Glyma.06G313500,Glyma.06G313600,Glyma.06G313700,Glyma.13G186400,Glyma.13G186500,Glyma.13G186600,Glyma.13G186700,Glyma.15G224200","","Sobic.005G024700","Seita.7G312000,Seita.8G020600","Sevir.8G023200",""
"Z.mays","GRMZM2G074317",NA,"Ca,Mg",NA,NA,NA,NA,"Inferred","AT5G15410","AT5G15410","Medtr7g012260","LOC_Os03g55100","Traes_5BL_F6419E9D0","Glyma.08G241600,Glyma.18G263900","Potri.017G089800,Potri.017G089900","Sobic.001G083800","Seita.9G085500","Sevir.9G083800","GSVIVG01011487001"
"Z.mays","GRMZM5G858887",NA,"Ca,Mg",NA,NA,NA,NA,"Inferred","AT5G15410","AT5G15410","Medtr7g012260","LOC_Os03g55100","Traes_5BL_F6419E9D0","Glyma.08G241600,Glyma.18G263900","Potri.017G089800,Potri.017G089900","","Seita.9G085500","","GSVIVG01011487001"
"Z.mays","GRMZM2G098420",NA,"Fe,Mn,Zn",NA,NA,NA,NA,"Inferred","AT5G17290","AT5G17290","Medtr5g076920","LOC_Os02g02570","Traes_6AS_71E2F7AA0,Traes_6AS_D63283162","Glyma.02G240700,Glyma.14G210200","Potri.017G139700","Sobic.004G013600","Seita.1G112300","Sevir.1G112000","GSVIVG01013049001"
"Z.mays","GRMZM2G109354",NA,"Cu",NA,NA,NA,NA,"Inferred","AT5G18830","AT5G18830","Medtr2g020620","LOC_Os05g33810","Traes_1AL_C921492AA,Traes_1BL_8709BB152,Traes_1DL_93BCED372","Glyma.13G213400,Glyma.15G099400","Potri.008G197000,Potri.010G026200","Sobic.009G135000","Seita.3G246000","Sevir.3G251900","GSVIVG01017835001"
"Z.mays","GRMZM2G003179",NA,"Cu",NA,NA,NA,NA,"Inferred","AT5G20650","AT5G20650","Medtr3g105330","LOC_Os09g26900","","Glyma.04G057000,Glyma.06G057400,Glyma.14G107100,Glyma.17G219400","Potri.006G219200","Sobic.002G215800","Seita.2G218500","Sevir.2G228000","GSVIVG01015065001"
"Z.mays","GRMZM2G137569",NA,"Na",NA,NA,NA,NA,"Inferred","AT5G35410","AT5G35410","Medtr4g114670","LOC_Os06g40370","Traes_7DL_85630E21D","Glyma.13G166100,Glyma.17G113700","Potri.006G068400,Potri.018G130500","Sobic.010G186300","Seita.4G221700","Sevir.4G231900","GSVIVG01015549001"
"Z.mays","GRMZM2G171507",NA,"Na",NA,NA,NA,NA,"Inferred","AT5G35410","AT5G35410","Medtr4g114670","LOC_Os06g40370","Traes_7DL_85630E21D","Glyma.13G166100,Glyma.17G113700","Potri.006G068400,Potri.018G130500","","","","GSVIVG01015549001"
"Z.mays","GRMZM2G047457",NA,"Fe",NA,NA,NA,NA,"Inferred","AT5G42130","AT5G42130","Medtr6g034515","LOC_Os01g73420","","Glyma.02G084300","Potri.005G189600","Sobic.003G439100","Seita.5G464300","Sevir.5G470600","GSVIVG01001666001"
"Z.mays","GRMZM2G091228",NA,"Zn,Cd,As",NA,NA,NA,NA,"Inferred","AT5G44070,LOC_Os06g01260","AT1G03980,AT5G44070","Medtr7g097190","LOC_Os06g01260","Traes_7BS_9927262C2,Traes_7DS_E848BACC2","Glyma.03G165000,Glyma.03G165100,Glyma.19G166400","Potri.014G195800,Potri.014G195900","Sobic.003G024200","Seita.5G146200","Sevir.5G144700","GSVIVG01028369001"
"Z.mays","GRMZM2G148118",NA,"Pb",NA,NA,NA,NA,"Inferred","AT5G53130","AT5G53130","Medtr1g028370,Medtr3g091080","LOC_Os06g33570","Traes_7AL_73C8ED75D,Traes_7DL_EF8A95CB3","Glyma.04G237400,Glyma.06G126600,Glyma.14G161600","Potri.012G002200,Potri.015G019100","Sobic.004G113400","Seita.1G014200","Sevir.1G014200","GSVIVG01028711001"
"Z.mays","GRMZM2G026391",NA,"Fe,Zn,Cu",NA,NA,NA,NA,"Inferred","AT5G53550,LOC_Os04g45900","AT5G24380,AT5G53550","Medtr0312s0020,Medtr1g007540,Medtr1g007580,Medtr3g092090","LOC_Os04g45900","Traes_6DL_AA95B2246","Glyma.04G231900,Glyma.06G133000,Glyma.17G191300","Potri.012G024700","Sobic.006G164300","Seita.7G185100","Sevir.7G195200","GSVIVG01019645001,GSVIVG01038611001,GSVIVG01019646001"
"Z.mays","GRMZM2G051179",NA,"Fe,Zn,Cu",NA,NA,NA,NA,"Inferred","AT5G53550,LOC_Os04g45860","AT5G24380,AT5G53550","Medtr0312s0020,Medtr1g007540,Medtr1g007580,Medtr3g092090","LOC_Os04g45860","Traes_2AL_CFCA01C76,Traes_2DL_131222AE2","Glyma.04G231900,Glyma.06G133000,Glyma.17G191300","Potri.012G024700","Sobic.006G164200","Seita.7G185000","Sevir.7G195100","GSVIVG01019645001,GSVIVG01038611001,GSVIVG01019646001"
"Z.mays","GRMZM2G017586",NA,"Cd,Co,Fe,Mn,Zn",NA,NA,NA,NA,"Inferred","AT5G54680,LOC_Os08g04390","AT1G51070,AT5G54680","Medtr4g081370","LOC_Os08g04390","Traes_7DL_88B60203A","Glyma.06G266800,Glyma.12G136300,Glyma.12G214900,Glyma.13G286700,Glyma.13G305500","Potri.004G031800,Potri.011G031000","","Seita.6G069500","Sevir.6G068300","GSVIVG01030640001,GSVIVG01007339001"
"Z.mays","GRMZM2G058451",NA,"Cd,Co,Fe,Mn,Zn",NA,NA,NA,NA,"Inferred","AT5G54680","AT1G51070,AT5G54680","Medtr2g082640","LOC_Os07g35870","Traes_2AS_FE9AC4EDD,Traes_2BS_7190FAD1A","Glyma.06G266800,Glyma.12G136300,Glyma.12G214900,Glyma.13G286700,Glyma.13G305500","Potri.001G416600,Potri.011G132400","Sobic.002G329300","Seita.2G342600","Sevir.2G352900","GSVIVG01014589001"
"Z.mays","GRMZM2G005024",NA,"Cd",NA,NA,NA,NA,"Inferred","AT5G54810","AT4G27070,AT5G54810","Medtr3g049410,Medtr3g051120","LOC_Os08g04180","Traes_7AL_7C0CB1D06","Glyma.08G312300,Glyma.18G102800","Potri.001G420300,Potri.011G136000","","Seita.6G072900","Sevir.6G072000","GSVIVG01001997001"
"Z.mays","GRMZM2G169593",NA,"Cd",NA,NA,NA,NA,"Inferred","AT5G54810","AT4G27070,AT5G54810","Medtr3g049410,Medtr3g051120","LOC_Os08g04180","Traes_7AL_7C0CB1D06","Glyma.08G312300,Glyma.18G102800","Potri.001G420300,Potri.011G136000","Sobic.007G032000","Seita.6G072900","Sevir.6G072000","GSVIVG01001997001"
"Z.mays","GRMZM2G011422",NA,"Li,B,Na,Mg,K,Ca,Mn,Fe,Co,Ni,Cu,Zn,Rb,Sr,Mo,Cd",NA,NA,NA,NA,"Inferred","AT5G57620","AT5G57620","Medtr4g128670","LOC_Os08g15020","Traes_1AL_50CECDF43,Traes_1BL_02507996C","Glyma.13G094400,Glyma.17G065800","","Sobic.007G092300","Seita.6G097100","Sevir.6G105000",""
"Z.mays","GRMZM2G042412",NA,"Cu",NA,NA,NA,NA,"Inferred","AT5G59030","AT2G26975,AT3G46900,AT5G59030,AT5G59040","Medtr4g064963,Medtr4g065123,Medtr4g065660","LOC_Os01g56420","Traes_3B_6A81EC186","Glyma.11G134700","Potri.001G246000,Potri.006G093300,Potri.009G038700,Potri.009G038800","Sobic.003G310200","Seita.5G333000","Sevir.5G337400","GSVIVG01024839001,GSVIVG01024838001,GSVIVG01024841001"
"Z.mays","GRMZM2G032447",NA,"K",NA,NA,NA,NA,"Inferred","AT5G64930","AT5G64930","Medtr3g094760","LOC_Os01g68970","Traes_3AL_2600CE5A9,Traes_3DL_738EEB08B","Glyma.06G145800","Potri.005G083600,Potri.007G082100","Sobic.003G402900","Seita.5G428700","Sevir.5G434600","GSVIVG01022215001"
"Z.mays","GRMZM2G158811",NA,"K",NA,NA,NA,NA,"Inferred","AT5G64930","AT5G64930","Medtr3g094760","LOC_Os02g53070","Traes_6AL_E7EC461BD,Traes_6BL_D2DF38E7B,Traes_6DL_E3552E85E","Glyma.06G145800","Potri.005G083600,Potri.007G082100","Sobic.004G312100","Seita.1G334300","Sevir.1G340900","GSVIVG01022215001"
"Z.mays","GRMZM2G147560",NA,"Fe,Mn,Cd",NA,NA,NA,NA,"Inferred","Medtr3g088460,LOC_Os07g15370","","Medtr3g088440,Medtr3g088460","LOC_Os07g15370","Traes_4AS_5D4904831,Traes_4DL_657E82F56","Glyma.06G115800","Potri.002G080400,Potri.002G080500,Potri.005G181000,Potri.005G181100","Sobic.002G095400","Seita.2G100300","Sevir.2G103000",""
"Z.mays","AC182482.3_FG003",NA,"Mn",NA,NA,NA,NA,"Inferred","LOC_Os01g03914","AT1G16310,AT1G79520","Medtr2g064405,Medtr3g080090,Medtr8g046550","LOC_Os01g03914","Traes_3AS_4988A011D,Traes_3B_2BC989BE8","Glyma.08G164800,Glyma.09G099500,Glyma.09G122600,Glyma.15G262300,Glyma.15G262400","Potri.008G083600,Potri.010G172600,Potri.010G172700,Potri.010G172800,Potri.010G172900","Sobic.003G086300","Seita.5G088300","Sevir.5G086900",""
"Z.mays","GRMZM2G022915",NA,"K",NA,NA,NA,NA,"Inferred","LOC_Os01g45990","AT2G26650","Medtr4g113530","LOC_Os01g45990","","Glyma.05G010600,Glyma.17G118300","Potri.006G154600,Potri.006G249900,Potri.018G031600,Potri.018G071400","","","","GSVIVG01035801001,GSVIVG01015479001"
"Z.mays","GRMZM2G171279",NA,"K",NA,NA,NA,NA,"Inferred","LOC_Os01g45990","AT2G26650","Medtr4g113530","LOC_Os01g45990","","Glyma.05G010600,Glyma.17G118300","Potri.006G154600,Potri.006G249900,Potri.018G031600,Potri.018G071400","Sobic.003G237900","Seita.5G244400","Sevir.5G252300","GSVIVG01035801001,GSVIVG01015479001"
"Z.mays","GRMZM2G141647",NA,"Fe",NA,NA,NA,NA,"Inferred","LOC_Os01g64250","AT3G54290","Medtr1g050385,Medtr1g111960","LOC_Os01g64250","Traes_3B_1943DBE89","Glyma.10G111100,Glyma.10G278400,Glyma.20G111300","Potri.008G019700,Potri.010G239700","Sobic.003G364900","Seita.5G390600","Sevir.5G395800","GSVIVG01010724001"
"Z.mays","GRMZM2G303374",NA,"As",NA,NA,NA,NA,"Inferred","LOC_Os02g06290","","","LOC_Os02g06290","Traes_6AS_A137671B1,Traes_6DS_98585F07B","","","Sobic.004G046400","Seita.1G082100","Sevir.1G080600","GSVIVG01018760001"
"Z.mays","GRMZM2G029951",NA,"Cu",NA,NA,NA,NA,"Inferred","LOC_Os02g10290","","Medtr8g012390","LOC_Os02g10290","Traes_6AS_6F306F27E,Traes_6DS_26C5A0A44","Glyma.03G086000,Glyma.16G088300","Potri.001G019100","Sobic.004G079900","Seita.1G049200","Sevir.1G048900","GSVIVG01025299001"
"Z.mays","GRMZM2G041980",NA,"As",NA,NA,NA,NA,"Inferred","LOC_Os02g13870","AT4G18910,AT4G19030","Medtr2g017570,Medtr2g017590,Medtr2g017610,Medtr2g017660,Medtr8g087710,Medtr8g087720","LOC_Os02g13870","Traes_7DS_A92314B8C","Glyma.05G162500,Glyma.05G162600,Glyma.08G120100,Glyma.08G120200,Glyma.13G224900,Glyma.15G087300","Potri.004G063000,Potri.011G072100","Sobic.004G102200","Seita.1G025100","Sevir.1G025500","GSVIVG01021274001"
"Z.mays","GRMZM2G156599",NA,"Fe",NA,NA,NA,NA,"Inferred","LOC_Os02g43410","","","LOC_Os02g43410","","","","Sobic.004G299500","Seita.1G254300","Sevir.1G258600","GSVIVG01019645001,GSVIVG01038611001,GSVIVG01019646001"
"Z.mays","GRMZM2G028325",NA,"Se",NA,NA,NA,NA,"Inferred","LOC_Os02g51110","","Medtr7g010650","LOC_Os02g51110","Traes_6AL_4956852E0,Traes_6DL_481276D28","Glyma.09G238200,Glyma.18G259500","Potri.017G083300","Sobic.004G238100","Seita.1G318800","Sevir.1G325000","GSVIVG01011407001"
"Z.mays","GRMZM2G082184",NA,"Se",NA,NA,NA,NA,"Inferred","LOC_Os02g51110","","Medtr7g010650","LOC_Os02g51110","Traes_6AL_4956852E0,Traes_6DL_481276D28","Glyma.09G238200,Glyma.18G259500","Potri.017G083300","","","","GSVIVG01011407001"
"Z.mays","GRMZM5G862882",NA,"Mn",NA,NA,NA,NA,"Inferred","LOC_Os02g53490","","","LOC_Os02g53490","","","","Sobic.004G315400","Seita.1G337100","Sevir.1G343700",""
"Z.mays","GRMZM2G070087",NA,"Se",NA,NA,NA,NA,"Inferred","LOC_Os03g05640","","","LOC_Os03g05640","","","","Sobic.001G502000","Seita.9G538500","Sevir.9G542800","GSVIVG01032651001"
"Z.mays","AC166636.1_FG008",NA,"Fe,Zn",NA,NA,NA,NA,"Inferred","LOC_Os03g09140","","","LOC_Os03g09140","Traes_4AL_884E74F51,Traes_4BL_8E9618E24","","","Sobic.001G474200","Seita.9G509800","Sevir.9G514000",""
"Z.mays","GRMZM2G032182",NA,"Fe",NA,NA,NA,NA,"Inferred","LOC_Os03g18550","AT1G07030,AT2G30160","Medtr5g073040","LOC_Os03g18550","Traes_4DL_7B2F68152","Glyma.02G231200,Glyma.14G198800","Potri.001G282400,Potri.009G077600,Potri.016G125200","Sobic.001G403700","Seita.9G437700","Sevir.9G441600","GSVIVG01024642001"
"Z.mays","GRMZM2G053908",NA,"Fe",NA,NA,NA,NA,"Inferred","LOC_Os03g18550","AT1G07030,AT2G30160","Medtr5g073040","LOC_Os03g18550","Traes_4DL_7B2F68152","Glyma.02G231200,Glyma.14G198800","Potri.001G282400,Potri.009G077600,Potri.016G125200","","Seita.9G437700","Sevir.9G441600","GSVIVG01024642001"
"Z.mays","GRMZM2G006477",NA,"P",NA,NA,NA,NA,"Inferred","LOC_Os03g21240,Traes_4AS_7220D33B3","","","LOC_Os03g21240","Traes_4AS_7220D33B3,Traes_4DL_2C27C34AF","Glyma.03G166400,Glyma.10G039700,Glyma.13G126200,Glyma.19G167500","Potri.002G257800,Potri.013G048000,Potri.019G020900","Sobic.001G384300","Seita.9G416300","Sevir.9G420400","GSVIVG01023401001,GSVIVG01028403001"
"Z.mays","GRMZM2G093826",NA,"Cs",NA,NA,NA,NA,"Inferred","LOC_Os04g32920","","","LOC_Os04g32920","Traes_2BL_D0C7517E1,Traes_4AL_FF208A87A,Traes_4BL_7FE25C6A2,Traes_4DL_496B8485B","","","Sobic.006G061300","Seita.7G082300","Sevir.7G089700",""
"Z.mays","GRMZM2G047762",NA,"Zn",NA,NA,NA,NA,"Inferred","LOC_Os05g39560","","","LOC_Os05g39560","Traes_4AS_F5F7D2A8D,Traes_4BL_68691F1FC,Traes_4DL_4B0AD05ED","","","Sobic.009G170500","Seita.3G208000","Sevir.3G213300",""
"Z.mays","GRMZM2G444801",NA,"P",NA,NA,NA,NA,"Inferred","LOC_Os06g05160","AT3G15990","Medtr2g102243,Medtr4g011970","LOC_Os06g05160","","Glyma.07G006500,Glyma.08G207100,Glyma.13G360000,Glyma.15G014000","Potri.001G179400,Potri.003G056200","Sobic.010G033800","Seita.4G032500","Sevir.4G031300","GSVIVG01017118001,GSVIVG01015412001"
"Z.mays","GRMZM2G351347",NA,"K",NA,NA,NA,NA,"Inferred","LOC_Os07g01810","AT5G55630","","LOC_Os07g01810","Traes_4AL_BE405B578,Traes_4BS_61A38B6BA,Traes_4DS_BDB03ED9C","","Potri.001G366800,Potri.008G004600,Potri.008G004700","Sobic.005G114000","Seita.8G118200","Sevir.8G124600","GSVIVG01003486001,GSVIVG01014661001,GSVIVG01014660001,GSVIVG01003490001"
"Z.mays","GRMZM2G158489",NA,"P",NA,NA,NA,NA,"Inferred","LOC_Os07g09000","AT3G52190","Medtr1g090873","LOC_Os07g09000","Traes_7AL_C16365A45,Traes_7BL_48A3E8A28,Traes_7DL_53DB0C6B3","Glyma.10G200200,Glyma.20G190300","Potri.008G029200,Potri.010G232400","Sobic.002G060900","Seita.2G065200","Sevir.2G068500","GSVIVG01034664001"
"Z.mays","GRMZM2G175576",NA,"Cd",NA,NA,NA,NA,"Inferred","LOC_Os07g12900","","","LOC_Os07g12900","Traes_5BL_D6C3DC326","","","Sobic.002G083000","Seita.2G090300","Sevir.2G092800",""
"Z.mays","GRMZM2G093744",NA,"Fe",NA,NA,NA,NA,"Inferred","LOC_Os08g04390","","Medtr4g081370","LOC_Os08g04390","Traes_7DL_88B60203A","Glyma.06G266800,Glyma.12G136300,Glyma.12G214900,Glyma.13G286700,Glyma.13G305500","Potri.004G031800,Potri.011G031000","Sobic.007G033800","Seita.6G069500","Sevir.6G068300","GSVIVG01030640001,GSVIVG01007339001"
"Z.mays","GRMZM2G000471",NA,"As",NA,NA,NA,NA,"Inferred","LOC_Os08g05590,LOC_Os08g05600","","","LOC_Os08g05590,LOC_Os08g05600,LOC_Os12g10280","Traes_3B_4745DEECD","","","Sobic.007G039500","Seita.6G063300","Sevir.6G060100,Sevir.6G061200",""
"Z.mays","GRMZM5G820122",NA,"Ca",NA,NA,NA,NA,"Inferred","Traes_4BL_7091749BF","","","LOC_Os03g04920","Traes_4BL_7091749BF,Traes_4DL_B138DF6FC,Traes_5AL_FA71552A8","","","Sobic.001G508200","Seita.9G543800","Sevir.9G548400",""
